Date,City,Confirmed,Recovered,Deaths,Tests,Vaccinated,Positivity_Rate,Latitude,Longitude
2021-05-01,Delhi,12130,9047,310,36390,6734,33.33,28.7041,77.1025
2021-05-02,Delhi,13439,9931,150,40317,9322,33.33,28.7041,77.1025
2021-05-03,Delhi,12955,9251,316,51820,7949,25.0,28.7041,77.1025
2021-05-04,Delhi,13703,10214,187,54812,7396,25.0,28.7041,77.1025
2021-05-05,Delhi,12017,8481,246,60085,8849,20.0,28.7041,77.1025
2021-05-06,Delhi,13317,10294,230,53268,3734,25.0,28.7041,77.1025
2021-05-07,Delhi,11832,9413,350,35496,4556,33.33,28.7041,77.1025
2021-05-08,Delhi,11916,8849,134,35748,9433,33.33,28.7041,77.1025
2021-05-09,Delhi,13311,10331,159,66555,8099,20.0,28.7041,77.1025
2021-05-10,Delhi,12748,10867,339,63740,4152,20.0,28.7041,77.1025
2021-05-11,Delhi,13225,9860,332,52900,4843,25.0,28.7041,77.1025
2021-05-12,Delhi,12770,12034,325,51080,5297,25.0,28.7041,77.1025
2021-05-13,Delhi,13251,12345,325,66255,8629,20.0,28.7041,77.1025
2021-05-14,Delhi,12545,8923,207,37635,9529,33.33,28.7041,77.1025
2021-05-15,Delhi,12148,11020,208,36444,8208,33.33,28.7041,77.1025
2021-05-16,Delhi,12450,11211,143,62250,3568,20.0,28.7041,77.1025
2021-05-17,Delhi,12637,10093,200,63185,6258,20.0,28.7041,77.1025
2021-05-18,Delhi,12792,11214,314,38376,6892,33.33,28.7041,77.1025
2021-05-19,Delhi,13548,11688,383,40644,4104,33.33,28.7041,77.1025
2021-05-20,Delhi,11772,9155,194,58860,3731,20.0,28.7041,77.1025
2021-05-21,Delhi,13165,10119,279,65825,9110,20.0,28.7041,77.1025
2021-05-22,Delhi,12755,11635,311,63775,7910,20.0,28.7041,77.1025
2021-05-23,Delhi,11667,9607,238,58335,6977,20.0,28.7041,77.1025
2021-05-24,Delhi,12754,9570,356,38262,9755,33.33,28.7041,77.1025
2021-05-25,Delhi,12290,10165,345,61450,7374,20.0,28.7041,77.1025
2021-05-26,Delhi,12948,11509,188,64740,4157,20.0,28.7041,77.1025
2021-05-27,Delhi,13089,12204,342,39267,3693,33.33,28.7041,77.1025
2021-05-28,Delhi,12065,10869,165,48260,6450,25.0,28.7041,77.1025
2021-05-29,Delhi,12933,11663,361,64665,8392,20.0,28.7041,77.1025
2021-05-30,Delhi,12678,9597,235,38034,6864,33.33,28.7041,77.1025
2021-05-31,Delhi,12552,8808,253,37656,5413,33.33,28.7041,77.1025
2021-06-01,Delhi,12527,9826,361,50108,2495,25.0,28.7041,77.1025
2021-06-02,Delhi,12406,8885,187,49624,8554,25.0,28.7041,77.1025
2021-06-03,Delhi,12906,9953,138,38718,5737,33.33,28.7041,77.1025
2021-06-04,Delhi,13537,9650,210,40611,7528,33.33,28.7041,77.1025
2021-06-05,Delhi,12931,9520,255,51724,6535,25.0,28.7041,77.1025
2021-06-06,Delhi,13564,11774,342,67820,9958,20.0,28.7041,77.1025
2021-06-07,Delhi,11563,9157,261,46252,8125,25.0,28.7041,77.1025
2021-06-08,Delhi,13200,11934,342,39600,5282,33.33,28.7041,77.1025
2021-06-09,Delhi,13064,11074,307,65320,2986,20.0,28.7041,77.1025
2021-06-10,Delhi,12804,9687,293,38412,3976,33.33,28.7041,77.1025
2021-06-11,Delhi,13229,10539,380,39687,2802,33.33,28.7041,77.1025
2021-06-12,Delhi,13239,12327,364,66195,1262,20.0,28.7041,77.1025
2021-06-13,Delhi,13057,9710,387,39171,3049,33.33,28.7041,77.1025
2021-06-14,Delhi,12597,11858,266,62985,8158,20.0,28.7041,77.1025
2021-06-15,Delhi,13326,10257,319,66630,5499,20.0,28.7041,77.1025
2021-06-16,Delhi,13469,10790,373,67345,2648,20.0,28.7041,77.1025
2021-06-17,Delhi,12713,11754,281,63565,3557,20.0,28.7041,77.1025
2021-06-18,Delhi,12766,11053,128,51064,5433,25.0,28.7041,77.1025
2021-06-19,Delhi,12226,9243,296,36678,5493,33.33,28.7041,77.1025
2021-06-20,Delhi,12570,9360,217,62850,2218,20.0,28.7041,77.1025
2021-06-21,Delhi,11670,9067,243,58350,9050,20.0,28.7041,77.1025
2021-06-22,Delhi,11739,8995,174,46956,4436,25.0,28.7041,77.1025
2021-06-23,Delhi,11832,10921,267,47328,5893,25.0,28.7041,77.1025
2021-06-24,Delhi,13601,11795,371,40803,8683,33.33,28.7041,77.1025
2021-06-25,Delhi,11816,10541,128,47264,2069,25.0,28.7041,77.1025
2021-06-26,Delhi,13416,11899,389,40248,1301,33.33,28.7041,77.1025
2021-06-27,Delhi,11450,9653,338,57250,1980,20.0,28.7041,77.1025
2021-06-28,Delhi,13276,10184,261,53104,2816,25.0,28.7041,77.1025
2021-06-29,Delhi,13028,11869,372,52112,4863,25.0,28.7041,77.1025
2021-06-30,Delhi,11895,10155,354,47580,8806,25.0,28.7041,77.1025
2021-07-01,Delhi,11424,8840,187,34272,8560,33.33,28.7041,77.1025
2021-07-02,Delhi,11515,9095,182,57575,1537,20.0,28.7041,77.1025
2021-07-03,Delhi,13160,10054,292,52640,3950,25.0,28.7041,77.1025
2021-07-04,Delhi,11305,10169,260,45220,5495,25.0,28.7041,77.1025
2021-07-05,Delhi,12241,11281,129,48964,6919,25.0,28.7041,77.1025
2021-07-06,Delhi,13252,9395,255,66260,2148,20.0,28.7041,77.1025
2021-07-07,Delhi,13467,11416,142,53868,4854,25.0,28.7041,77.1025
2021-07-08,Delhi,12347,10300,204,37041,6691,33.33,28.7041,77.1025
2021-07-09,Delhi,11274,9180,302,45096,5142,25.0,28.7041,77.1025
2021-07-10,Delhi,11538,10873,280,57690,5752,20.0,28.7041,77.1025
2021-07-11,Delhi,11389,8743,213,56945,9932,20.0,28.7041,77.1025
2021-07-12,Delhi,11386,8200,211,34158,2664,33.33,28.7041,77.1025
2021-07-13,Delhi,12351,11471,232,49404,6237,25.0,28.7041,77.1025
2021-07-14,Delhi,11829,8821,339,35487,4343,33.33,28.7041,77.1025
2021-07-15,Delhi,12482,11040,263,49928,8004,25.0,28.7041,77.1025
2021-07-16,Delhi,13564,9656,289,67820,8253,20.0,28.7041,77.1025
2021-07-17,Delhi,12513,8903,135,50052,7617,25.0,28.7041,77.1025
2021-07-18,Delhi,13749,12397,232,54996,5452,25.0,28.7041,77.1025
2021-07-19,Delhi,13340,9498,386,53360,8390,25.0,28.7041,77.1025
2021-07-20,Delhi,13759,11354,286,41277,5611,33.33,28.7041,77.1025
2021-07-21,Delhi,11605,9987,122,58025,1851,20.0,28.7041,77.1025
2021-07-22,Delhi,12957,11263,278,38871,5000,33.33,28.7041,77.1025
2021-07-23,Delhi,12226,10225,352,61130,6536,20.0,28.7041,77.1025
2021-07-24,Delhi,12461,11543,173,37383,5107,33.33,28.7041,77.1025
2021-07-25,Delhi,12900,10246,139,51600,3082,25.0,28.7041,77.1025
2021-07-26,Delhi,11359,8857,305,45436,1417,25.0,28.7041,77.1025
2021-07-27,Delhi,11384,8770,140,34152,6745,33.33,28.7041,77.1025
2021-07-28,Delhi,12786,11944,137,38358,8164,33.33,28.7041,77.1025
2021-07-29,Delhi,11945,8891,298,59725,2122,20.0,28.7041,77.1025
2021-07-30,Delhi,12841,10182,327,64205,8357,20.0,28.7041,77.1025
2021-07-31,Delhi,11306,8588,266,56530,3914,20.0,28.7041,77.1025
2021-08-01,Delhi,12142,9645,251,36426,2365,33.33,28.7041,77.1025
2021-08-02,Delhi,11666,10777,207,34998,8400,33.33,28.7041,77.1025
2021-08-03,Delhi,11345,8948,330,56725,5946,20.0,28.7041,77.1025
2021-08-04,Delhi,12660,9125,149,37980,6588,33.33,28.7041,77.1025
2021-08-05,Delhi,12437,11161,147,49748,6305,25.0,28.7041,77.1025
2021-08-06,Delhi,13715,11484,258,68575,9924,20.0,28.7041,77.1025
2021-08-07,Delhi,11504,10082,337,34512,8241,33.33,28.7041,77.1025
2021-08-08,Delhi,12223,10445,146,61115,6293,20.0,28.7041,77.1025
2021-08-09,Delhi,12946,9782,232,64730,3681,20.0,28.7041,77.1025
2021-08-10,Delhi,12487,8994,146,62435,2365,20.0,28.7041,77.1025
2021-08-11,Delhi,11769,8934,331,35307,4141,33.33,28.7041,77.1025
2021-08-12,Delhi,13080,11697,276,65400,9905,20.0,28.7041,77.1025
2021-08-13,Delhi,13151,10291,245,39453,5748,33.33,28.7041,77.1025
2021-08-14,Delhi,12023,9824,133,36069,4072,33.33,28.7041,77.1025
2021-08-15,Delhi,13704,11591,400,68520,2531,20.0,28.7041,77.1025
2021-08-16,Delhi,12093,10062,226,48372,4627,25.0,28.7041,77.1025
2021-08-17,Delhi,11954,11266,129,35862,5175,33.33,28.7041,77.1025
2021-08-18,Delhi,11472,10666,172,57360,7190,20.0,28.7041,77.1025
2021-08-19,Delhi,12526,9447,199,37578,9053,33.33,28.7041,77.1025
2021-08-20,Delhi,11740,8351,183,46960,8575,25.0,28.7041,77.1025
2021-08-21,Delhi,11937,9357,159,47748,4719,25.0,28.7041,77.1025
2021-08-22,Delhi,11809,8495,348,59045,8102,20.0,28.7041,77.1025
2021-08-23,Delhi,12494,9712,328,37482,2581,33.33,28.7041,77.1025
2021-08-24,Delhi,11659,10929,285,58295,1009,20.0,28.7041,77.1025
2021-08-25,Delhi,12067,11059,131,60335,2015,20.0,28.7041,77.1025
2021-08-26,Delhi,13094,11711,256,65470,8449,20.0,28.7041,77.1025
2021-08-27,Delhi,11332,9045,301,33996,5000,33.33,28.7041,77.1025
2021-08-28,Delhi,12903,9150,163,38709,9175,33.33,28.7041,77.1025
2021-05-01,Mumbai,17280,15607,518,69120,2460,25.0,19.076,72.8777
2021-05-02,Mumbai,17518,15983,261,70072,7600,25.0,19.076,72.8777
2021-05-03,Mumbai,18706,14270,289,74824,5544,25.0,19.076,72.8777
2021-05-04,Mumbai,17685,15726,193,88425,8239,20.0,19.076,72.8777
2021-05-05,Mumbai,18379,15951,375,73516,1770,25.0,19.076,72.8777
2021-05-06,Mumbai,17072,15434,501,68288,8901,25.0,19.076,72.8777
2021-05-07,Mumbai,17567,14068,222,87835,2252,20.0,19.076,72.8777
2021-05-08,Mumbai,17382,15665,487,69528,7949,25.0,19.076,72.8777
2021-05-09,Mumbai,18134,15368,323,90670,2331,20.0,19.076,72.8777
2021-05-10,Mumbai,17053,14128,437,68212,5854,25.0,19.076,72.8777
2021-05-11,Mumbai,18933,17747,245,56799,6449,33.33,19.076,72.8777
2021-05-12,Mumbai,18680,15220,552,56040,6569,33.33,19.076,72.8777
2021-05-13,Mumbai,17009,12795,367,85045,2906,20.0,19.076,72.8777
2021-05-14,Mumbai,18963,13885,238,94815,7090,20.0,19.076,72.8777
2021-05-15,Mumbai,18740,16120,255,56220,2887,33.33,19.076,72.8777
2021-05-16,Mumbai,17471,15145,234,69884,8570,25.0,19.076,72.8777
2021-05-17,Mumbai,17833,14021,302,71332,7981,25.0,19.076,72.8777
2021-05-18,Mumbai,19085,15058,532,57255,8240,33.33,19.076,72.8777
2021-05-19,Mumbai,19101,15668,453,76404,3878,25.0,19.076,72.8777
2021-05-20,Mumbai,16852,12053,261,50556,2276,33.33,19.076,72.8777
2021-05-21,Mumbai,18520,13933,322,74080,9717,25.0,19.076,72.8777
2021-05-22,Mumbai,17278,15377,356,69112,1364,25.0,19.076,72.8777
2021-05-23,Mumbai,17330,12771,219,86650,2646,20.0,19.076,72.8777
2021-05-24,Mumbai,17723,14673,365,53169,4345,33.33,19.076,72.8777
2021-05-25,Mumbai,18711,14231,287,56133,9905,33.33,19.076,72.8777
2021-05-26,Mumbai,17867,13945,254,71468,1125,25.0,19.076,72.8777
2021-05-27,Mumbai,17341,15999,379,69364,9258,25.0,19.076,72.8777
2021-05-28,Mumbai,17037,14048,199,85185,8943,20.0,19.076,72.8777
2021-05-29,Mumbai,19277,15120,539,77108,1876,25.0,19.076,72.8777
2021-05-30,Mumbai,18794,16002,277,75176,2733,25.0,19.076,72.8777
2021-05-31,Mumbai,18410,14019,243,92050,4517,20.0,19.076,72.8777
2021-06-01,Mumbai,19202,14273,536,96010,9434,20.0,19.076,72.8777
2021-06-02,Mumbai,17868,15620,535,71472,8489,25.0,19.076,72.8777
2021-06-03,Mumbai,17272,16276,471,69088,1117,25.0,19.076,72.8777
2021-06-04,Mumbai,18434,13691,430,55302,5289,33.33,19.076,72.8777
2021-06-05,Mumbai,17651,14716,344,52953,7469,33.33,19.076,72.8777
2021-06-06,Mumbai,18238,14242,337,54714,5208,33.33,19.076,72.8777
2021-06-07,Mumbai,18992,13839,421,75968,2828,25.0,19.076,72.8777
2021-06-08,Mumbai,18722,13827,367,93610,4744,20.0,19.076,72.8777
2021-06-09,Mumbai,17706,13884,224,88530,3219,20.0,19.076,72.8777
2021-06-10,Mumbai,18865,16434,221,94325,3832,20.0,19.076,72.8777
2021-06-11,Mumbai,18799,15383,415,93995,8984,20.0,19.076,72.8777
2021-06-12,Mumbai,18409,16709,539,73636,2908,25.0,19.076,72.8777
2021-06-13,Mumbai,17180,16282,242,85900,3560,20.0,19.076,72.8777
2021-06-14,Mumbai,18124,15956,198,54372,9007,33.33,19.076,72.8777
2021-06-15,Mumbai,17677,15690,459,88385,5820,20.0,19.076,72.8777
2021-06-16,Mumbai,18857,14311,427,75428,5227,25.0,19.076,72.8777
2021-06-17,Mumbai,17405,16000,310,87025,7943,20.0,19.076,72.8777
2021-06-18,Mumbai,19274,16092,361,57822,3712,33.33,19.076,72.8777
2021-06-19,Mumbai,18997,17570,335,75988,4687,25.0,19.076,72.8777
2021-06-20,Mumbai,18956,16227,233,75824,2202,25.0,19.076,72.8777
2021-06-21,Mumbai,18276,13554,503,54828,9669,33.33,19.076,72.8777
2021-06-22,Mumbai,18059,15228,540,54177,2120,33.33,19.076,72.8777
2021-06-23,Mumbai,17755,13063,250,71020,5612,25.0,19.076,72.8777
2021-06-24,Mumbai,18463,16407,222,55389,8326,33.33,19.076,72.8777
2021-06-25,Mumbai,17619,16061,221,88095,4228,20.0,19.076,72.8777
2021-06-26,Mumbai,18899,15161,480,94495,1094,20.0,19.076,72.8777
2021-06-27,Mumbai,18760,15677,282,56280,6779,33.33,19.076,72.8777
2021-06-28,Mumbai,16815,15802,283,67260,7166,25.0,19.076,72.8777
2021-06-29,Mumbai,17619,13601,392,70476,8783,25.0,19.076,72.8777
2021-06-30,Mumbai,17789,13590,436,88945,4531,20.0,19.076,72.8777
2021-07-01,Mumbai,17160,15953,442,51480,6959,33.33,19.076,72.8777
2021-07-02,Mumbai,16931,12497,364,67724,7024,25.0,19.076,72.8777
2021-07-03,Mumbai,17818,12817,215,53454,4797,33.33,19.076,72.8777
2021-07-04,Mumbai,18235,13324,268,72940,2645,25.0,19.076,72.8777
2021-07-05,Mumbai,19272,14091,547,96360,5021,20.0,19.076,72.8777
2021-07-06,Mumbai,17371,13147,384,86855,8112,20.0,19.076,72.8777
2021-07-07,Mumbai,18137,14215,472,54411,8970,33.33,19.076,72.8777
2021-07-08,Mumbai,17379,13966,473,69516,9577,25.0,19.076,72.8777
2021-07-09,Mumbai,17279,15281,329,86395,5971,20.0,19.076,72.8777
2021-07-10,Mumbai,17567,12915,237,87835,6299,20.0,19.076,72.8777
2021-07-11,Mumbai,17514,12408,284,52542,5757,33.33,19.076,72.8777
2021-07-12,Mumbai,19008,14316,385,57024,4432,33.33,19.076,72.8777
2021-07-13,Mumbai,17493,14682,476,87465,7704,20.0,19.076,72.8777
2021-07-14,Mumbai,17131,14541,194,85655,3482,20.0,19.076,72.8777
2021-07-15,Mumbai,17756,16415,250,53268,5524,33.33,19.076,72.8777
2021-07-16,Mumbai,18305,14973,389,73220,1768,25.0,19.076,72.8777
2021-07-17,Mumbai,18199,14801,372,54597,6797,33.33,19.076,72.8777
2021-07-18,Mumbai,17751,13114,242,53253,9038,33.33,19.076,72.8777
2021-07-19,Mumbai,17604,13521,492,70416,4451,25.0,19.076,72.8777
2021-07-20,Mumbai,18939,17892,507,94695,1832,20.0,19.076,72.8777
2021-07-21,Mumbai,17117,12931,250,85585,9519,20.0,19.076,72.8777
2021-07-22,Mumbai,18092,13114,268,72368,3538,25.0,19.076,72.8777
2021-07-23,Mumbai,17256,16153,221,69024,1822,25.0,19.076,72.8777
2021-07-24,Mumbai,17748,12809,402,53244,3198,33.33,19.076,72.8777
2021-07-25,Mumbai,16951,12385,466,50853,5177,33.33,19.076,72.8777
2021-07-26,Mumbai,17318,16065,389,86590,5841,20.0,19.076,72.8777
2021-07-27,Mumbai,18214,14402,194,54642,1804,33.33,19.076,72.8777
2021-07-28,Mumbai,17738,15848,306,53214,8083,33.33,19.076,72.8777
2021-07-29,Mumbai,18695,17519,472,56085,3679,33.33,19.076,72.8777
2021-07-30,Mumbai,18911,17466,491,56733,4186,33.33,19.076,72.8777
2021-07-31,Mumbai,17325,14473,392,86625,8368,20.0,19.076,72.8777
2021-08-01,Mumbai,18586,16007,342,74344,9633,25.0,19.076,72.8777
2021-08-02,Mumbai,18881,14027,291,94405,7981,20.0,19.076,72.8777
2021-08-03,Mumbai,18980,13844,408,75920,8184,25.0,19.076,72.8777
2021-08-04,Mumbai,18505,15967,492,92525,9041,20.0,19.076,72.8777
2021-08-05,Mumbai,17146,12588,480,68584,5263,25.0,19.076,72.8777
2021-08-06,Mumbai,17414,14804,405,87070,3969,20.0,19.076,72.8777
2021-08-07,Mumbai,17506,14525,191,70024,2386,25.0,19.076,72.8777
2021-08-08,Mumbai,17497,14886,260,52491,4850,33.33,19.076,72.8777
2021-08-09,Mumbai,18124,14667,513,90620,2333,20.0,19.076,72.8777
2021-08-10,Mumbai,16902,13507,491,67608,7212,25.0,19.076,72.8777
2021-08-11,Mumbai,18117,13904,376,90585,2762,20.0,19.076,72.8777
2021-08-12,Mumbai,17169,12682,385,68676,2524,25.0,19.076,72.8777
2021-08-13,Mumbai,18925,13602,464,56775,1060,33.33,19.076,72.8777
2021-08-14,Mumbai,17743,15073,340,88715,2252,20.0,19.076,72.8777
2021-08-15,Mumbai,16912,14775,261,67648,7667,25.0,19.076,72.8777
2021-08-16,Mumbai,19127,14893,500,57381,4004,33.33,19.076,72.8777
2021-08-17,Mumbai,17845,16730,337,89225,5107,20.0,19.076,72.8777
2021-08-18,Mumbai,18146,17048,456,90730,3708,20.0,19.076,72.8777
2021-08-19,Mumbai,18555,16347,422,55665,7609,33.33,19.076,72.8777
2021-08-20,Mumbai,17917,15438,427,53751,9044,33.33,19.076,72.8777
2021-08-21,Mumbai,18366,13037,442,91830,9592,20.0,19.076,72.8777
2021-08-22,Mumbai,18622,15679,527,74488,5430,25.0,19.076,72.8777
2021-08-23,Mumbai,17433,15389,241,69732,2500,25.0,19.076,72.8777
2021-08-24,Mumbai,17794,12699,339,88970,4561,20.0,19.076,72.8777
2021-08-25,Mumbai,17419,12354,381,87095,3667,20.0,19.076,72.8777
2021-08-26,Mumbai,19040,15617,527,95200,3983,20.0,19.076,72.8777
2021-08-27,Mumbai,16987,13608,364,50961,6468,33.33,19.076,72.8777
2021-08-28,Mumbai,17725,15677,361,53175,9502,33.33,19.076,72.8777
2021-05-01,Bangalore,13475,9504,370,40425,4810,33.33,12.9716,77.5946
2021-05-02,Bangalore,14844,14094,252,59376,3032,25.0,12.9716,77.5946
2021-05-03,Bangalore,13406,9510,262,67030,5361,20.0,12.9716,77.5946
2021-05-04,Bangalore,13850,10859,283,41550,4760,33.33,12.9716,77.5946
2021-05-05,Bangalore,14980,12236,238,59920,7467,25.0,12.9716,77.5946
2021-05-06,Bangalore,13075,9916,141,39225,9173,33.33,12.9716,77.5946
2021-05-07,Bangalore,14928,12046,264,74640,2828,20.0,12.9716,77.5946
2021-05-08,Bangalore,15038,11500,327,75190,8486,20.0,12.9716,77.5946
2021-05-09,Bangalore,14255,12119,400,57020,8878,25.0,12.9716,77.5946
2021-05-10,Bangalore,13701,10384,395,68505,6429,20.0,12.9716,77.5946
2021-05-11,Bangalore,13814,12538,171,69070,1824,20.0,12.9716,77.5946
2021-05-12,Bangalore,15195,10776,442,60780,2796,25.0,12.9716,77.5946
2021-05-13,Bangalore,12983,12233,359,64915,2913,20.0,12.9716,77.5946
2021-05-14,Bangalore,14706,10933,263,58824,8312,25.0,12.9716,77.5946
2021-05-15,Bangalore,15193,14043,292,45579,8287,33.33,12.9716,77.5946
2021-05-16,Bangalore,13822,11530,302,55288,2380,25.0,12.9716,77.5946
2021-05-17,Bangalore,14220,13073,217,42660,2218,33.33,12.9716,77.5946
2021-05-18,Bangalore,13850,12645,148,69250,1954,20.0,12.9716,77.5946
2021-05-19,Bangalore,13913,10617,140,69565,4972,20.0,12.9716,77.5946
2021-05-20,Bangalore,14129,11641,164,42387,9987,33.33,12.9716,77.5946
2021-05-21,Bangalore,13902,12689,276,55608,3396,25.0,12.9716,77.5946
2021-05-22,Bangalore,15092,13675,255,60368,7183,25.0,12.9716,77.5946
2021-05-23,Bangalore,14926,11444,411,74630,3383,20.0,12.9716,77.5946
2021-05-24,Bangalore,15069,13752,412,45207,7924,33.33,12.9716,77.5946
2021-05-25,Bangalore,13292,10097,380,66460,4738,20.0,12.9716,77.5946
2021-05-26,Bangalore,15399,11507,425,46197,3808,33.33,12.9716,77.5946
2021-05-27,Bangalore,13984,12675,175,69920,4741,20.0,12.9716,77.5946
2021-05-28,Bangalore,14504,10735,382,58016,9780,25.0,12.9716,77.5946
2021-05-29,Bangalore,14942,11425,207,44826,2136,33.33,12.9716,77.5946
2021-05-30,Bangalore,14186,12170,215,42558,2007,33.33,12.9716,77.5946
2021-05-31,Bangalore,14279,11006,148,42837,2435,33.33,12.9716,77.5946
2021-06-01,Bangalore,13501,10056,338,54004,8059,25.0,12.9716,77.5946
2021-06-02,Bangalore,14817,13227,428,44451,9073,33.33,12.9716,77.5946
2021-06-03,Bangalore,13815,10865,309,69075,7353,20.0,12.9716,77.5946
2021-06-04,Bangalore,15283,14481,359,76415,6346,20.0,12.9716,77.5946
2021-06-05,Bangalore,13877,12344,145,69385,8813,20.0,12.9716,77.5946
2021-06-06,Bangalore,15056,13621,226,75280,4356,20.0,12.9716,77.5946
2021-06-07,Bangalore,13445,10844,255,67225,4342,20.0,12.9716,77.5946
2021-06-08,Bangalore,13816,12523,220,55264,4155,25.0,12.9716,77.5946
2021-06-09,Bangalore,14492,13289,424,43476,5116,33.33,12.9716,77.5946
2021-06-10,Bangalore,15280,12299,347,61120,2682,25.0,12.9716,77.5946
2021-06-11,Bangalore,14906,12082,242,59624,1933,25.0,12.9716,77.5946
2021-06-12,Bangalore,14910,11183,407,59640,6390,25.0,12.9716,77.5946
2021-06-13,Bangalore,15185,12691,200,45555,6776,33.33,12.9716,77.5946
2021-06-14,Bangalore,13449,12006,361,67245,1959,20.0,12.9716,77.5946
2021-06-15,Bangalore,14893,10546,423,74465,8725,20.0,12.9716,77.5946
2021-06-16,Bangalore,13456,11039,166,40368,2875,33.33,12.9716,77.5946
2021-06-17,Bangalore,14693,12336,213,73465,6109,20.0,12.9716,77.5946
2021-06-18,Bangalore,13046,11057,243,39138,5167,33.33,12.9716,77.5946
2021-06-19,Bangalore,13203,11488,236,66015,9357,20.0,12.9716,77.5946
2021-06-20,Bangalore,14497,12528,364,57988,4496,25.0,12.9716,77.5946
2021-06-21,Bangalore,14345,12638,358,43035,7731,33.33,12.9716,77.5946
2021-06-22,Bangalore,14625,10304,287,43875,9905,33.33,12.9716,77.5946
2021-06-23,Bangalore,13865,9739,229,55460,7368,25.0,12.9716,77.5946
2021-06-24,Bangalore,14698,11576,156,58792,1917,25.0,12.9716,77.5946
2021-06-25,Bangalore,15171,14326,212,60684,4041,25.0,12.9716,77.5946
2021-06-26,Bangalore,13035,9670,157,65175,9508,20.0,12.9716,77.5946
2021-06-27,Bangalore,14916,13783,326,44748,1552,33.33,12.9716,77.5946
2021-06-28,Bangalore,13645,12522,331,54580,9442,25.0,12.9716,77.5946
2021-06-29,Bangalore,15360,11059,428,61440,1021,25.0,12.9716,77.5946
2021-06-30,Bangalore,13339,10940,144,53356,5109,25.0,12.9716,77.5946
2021-07-01,Bangalore,13900,12248,303,41700,2560,33.33,12.9716,77.5946
2021-07-02,Bangalore,14254,12171,236,57016,4427,25.0,12.9716,77.5946
2021-07-03,Bangalore,13614,10149,351,68070,1306,20.0,12.9716,77.5946
2021-07-04,Bangalore,14919,13125,217,44757,9946,33.33,12.9716,77.5946
2021-07-05,Bangalore,12964,9789,238,64820,1352,20.0,12.9716,77.5946
2021-07-06,Bangalore,13832,11282,378,69160,1956,20.0,12.9716,77.5946
2021-07-07,Bangalore,15001,12096,253,60004,7675,25.0,12.9716,77.5946
2021-07-08,Bangalore,13885,9858,379,41655,7563,33.33,12.9716,77.5946
2021-07-09,Bangalore,14203,12517,280,56812,2394,25.0,12.9716,77.5946
2021-07-10,Bangalore,13115,12171,186,39345,1529,33.33,12.9716,77.5946
2021-07-11,Bangalore,14998,13247,189,59992,1525,25.0,12.9716,77.5946
2021-07-12,Bangalore,15311,12679,279,61244,5648,25.0,12.9716,77.5946
2021-07-13,Bangalore,15295,11078,276,61180,5599,25.0,12.9716,77.5946
2021-07-14,Bangalore,15208,12011,332,60832,4216,25.0,12.9716,77.5946
2021-07-15,Bangalore,14970,11972,406,44910,6543,33.33,12.9716,77.5946
2021-07-16,Bangalore,13389,9810,393,66945,7430,20.0,12.9716,77.5946
2021-07-17,Bangalore,13559,10066,276,54236,4432,25.0,12.9716,77.5946
2021-07-18,Bangalore,14210,11543,309,42630,1575,33.33,12.9716,77.5946
2021-07-19,Bangalore,14933,11869,330,74665,7116,20.0,12.9716,77.5946
2021-07-20,Bangalore,15142,13558,365,75710,2742,20.0,12.9716,77.5946
2021-07-21,Bangalore,14855,11162,181,59420,1968,25.0,12.9716,77.5946
2021-07-22,Bangalore,14246,13307,153,71230,2058,20.0,12.9716,77.5946
2021-07-23,Bangalore,13127,9779,154,39381,2229,33.33,12.9716,77.5946
2021-07-24,Bangalore,13965,10293,415,69825,1125,20.0,12.9716,77.5946
2021-07-25,Bangalore,13146,11302,359,65730,8351,20.0,12.9716,77.5946
2021-07-26,Bangalore,15404,12665,359,77020,7527,20.0,12.9716,77.5946
2021-07-27,Bangalore,14591,11336,351,58364,1891,25.0,12.9716,77.5946
2021-07-28,Bangalore,13304,9852,183,66520,7812,20.0,12.9716,77.5946
2021-07-29,Bangalore,14311,13123,193,57244,6238,25.0,12.9716,77.5946
2021-07-30,Bangalore,15404,13413,307,46212,8705,33.33,12.9716,77.5946
2021-07-31,Bangalore,13232,11149,140,39696,5909,33.33,12.9716,77.5946
2021-08-01,Bangalore,14917,12964,213,59668,4124,25.0,12.9716,77.5946
2021-08-02,Bangalore,14257,12301,172,57028,6105,25.0,12.9716,77.5946
2021-08-03,Bangalore,13633,9707,402,40899,6208,33.33,12.9716,77.5946
2021-08-04,Bangalore,13617,12093,160,68085,1488,20.0,12.9716,77.5946
2021-08-05,Bangalore,14277,12315,361,57108,5114,25.0,12.9716,77.5946
2021-08-06,Bangalore,15374,13828,287,76870,4712,20.0,12.9716,77.5946
2021-08-07,Bangalore,14297,11068,328,42891,4726,33.33,12.9716,77.5946
2021-08-08,Bangalore,13640,11469,240,40920,6592,33.33,12.9716,77.5946
2021-08-09,Bangalore,14370,10912,250,57480,8010,25.0,12.9716,77.5946
2021-08-10,Bangalore,13891,11333,244,55564,7471,25.0,12.9716,77.5946
2021-08-11,Bangalore,14403,11807,151,57612,5760,25.0,12.9716,77.5946
2021-08-12,Bangalore,12941,9540,265,64705,9234,20.0,12.9716,77.5946
2021-08-13,Bangalore,13873,11616,345,69365,7570,20.0,12.9716,77.5946
2021-08-14,Bangalore,13934,12618,259,69670,6243,20.0,12.9716,77.5946
2021-08-15,Bangalore,15376,11699,438,76880,1140,20.0,12.9716,77.5946
2021-08-16,Bangalore,13399,10031,178,40197,4610,33.33,12.9716,77.5946
2021-08-17,Bangalore,14622,13170,303,58488,6539,25.0,12.9716,77.5946
2021-08-18,Bangalore,14611,11688,431,58444,5445,25.0,12.9716,77.5946
2021-08-19,Bangalore,14216,12371,193,42648,4654,33.33,12.9716,77.5946
2021-08-20,Bangalore,15289,13734,209,61156,2798,25.0,12.9716,77.5946
2021-08-21,Bangalore,14775,12374,160,59100,7284,25.0,12.9716,77.5946
2021-08-22,Bangalore,14230,13106,207,42690,1009,33.33,12.9716,77.5946
2021-08-23,Bangalore,13913,11168,372,41739,4225,33.33,12.9716,77.5946
2021-08-24,Bangalore,13788,12342,213,68940,4683,20.0,12.9716,77.5946
2021-08-25,Bangalore,13075,11658,169,65375,1482,20.0,12.9716,77.5946
2021-08-26,Bangalore,14179,11601,293,56716,3852,25.0,12.9716,77.5946
2021-08-27,Bangalore,15396,13113,322,61584,2100,25.0,12.9716,77.5946
2021-08-28,Bangalore,13370,11019,397,66850,5358,20.0,12.9716,77.5946
2021-05-01,Chennai,17498,14121,426,52494,7602,33.33,13.0827,80.2707
2021-05-02,Chennai,16919,13286,446,67676,2125,25.0,13.0827,80.2707
2021-05-03,Chennai,18256,14030,211,54768,8843,33.33,13.0827,80.2707
2021-05-04,Chennai,17843,14279,309,71372,3472,25.0,13.0827,80.2707
2021-05-05,Chennai,16628,13478,442,49884,3475,33.33,13.0827,80.2707
2021-05-06,Chennai,16080,13426,443,64320,9258,25.0,13.0827,80.2707
2021-05-07,Chennai,18349,14940,253,73396,6291,25.0,13.0827,80.2707
2021-05-08,Chennai,17153,16275,324,68612,4374,25.0,13.0827,80.2707
2021-05-09,Chennai,16937,12577,308,67748,1632,25.0,13.0827,80.2707
2021-05-10,Chennai,18023,16023,305,90115,2679,20.0,13.0827,80.2707
2021-05-11,Chennai,16157,11793,476,64628,7099,25.0,13.0827,80.2707
2021-05-12,Chennai,17192,14355,461,51576,5037,33.33,13.0827,80.2707
2021-05-13,Chennai,18374,13271,461,55122,2012,33.33,13.0827,80.2707
2021-05-14,Chennai,17444,15301,187,52332,6782,33.33,13.0827,80.2707
2021-05-15,Chennai,18082,14201,318,72328,3496,25.0,13.0827,80.2707
2021-05-16,Chennai,17787,16120,277,71148,4267,25.0,13.0827,80.2707
2021-05-17,Chennai,16231,12018,417,81155,5437,20.0,13.0827,80.2707
2021-05-18,Chennai,17260,15755,244,86300,1560,20.0,13.0827,80.2707
2021-05-19,Chennai,15962,13327,360,63848,8629,25.0,13.0827,80.2707
2021-05-20,Chennai,16054,11804,228,64216,9264,25.0,13.0827,80.2707
2021-05-21,Chennai,16319,13067,219,65276,3978,25.0,13.0827,80.2707
2021-05-22,Chennai,17732,14952,508,70928,9984,25.0,13.0827,80.2707
2021-05-23,Chennai,18221,16681,518,72884,5917,25.0,13.0827,80.2707
2021-05-24,Chennai,16158,12016,323,48474,8045,33.33,13.0827,80.2707
2021-05-25,Chennai,16969,14704,211,50907,8137,33.33,13.0827,80.2707
2021-05-26,Chennai,16884,12389,494,50652,9734,33.33,13.0827,80.2707
2021-05-27,Chennai,16766,15408,260,83830,3719,20.0,13.0827,80.2707
2021-05-28,Chennai,17805,12542,392,89025,7610,20.0,13.0827,80.2707
2021-05-29,Chennai,18255,13058,467,73020,7488,25.0,13.0827,80.2707
2021-05-30,Chennai,16562,13599,415,82810,6175,20.0,13.0827,80.2707
2021-05-31,Chennai,17407,16465,257,87035,6448,20.0,13.0827,80.2707
2021-06-01,Chennai,17100,13266,205,51300,2638,33.33,13.0827,80.2707
2021-06-02,Chennai,17496,15807,390,52488,1419,33.33,13.0827,80.2707
2021-06-03,Chennai,16044,14632,392,48132,8870,33.33,13.0827,80.2707
2021-06-04,Chennai,17518,15127,299,87590,2549,20.0,13.0827,80.2707
2021-06-05,Chennai,17685,14090,517,88425,5481,20.0,13.0827,80.2707
2021-06-06,Chennai,17518,14370,181,87590,7793,20.0,13.0827,80.2707
2021-06-07,Chennai,17832,14868,255,53496,9433,33.33,13.0827,80.2707
2021-06-08,Chennai,18306,13109,198,54918,5592,33.33,13.0827,80.2707
2021-06-09,Chennai,16620,14318,332,83100,8961,20.0,13.0827,80.2707
2021-06-10,Chennai,17652,16172,262,70608,5839,25.0,13.0827,80.2707
2021-06-11,Chennai,17689,15097,480,70756,7164,25.0,13.0827,80.2707
2021-06-12,Chennai,18365,13466,221,55095,9616,33.33,13.0827,80.2707
2021-06-13,Chennai,18097,16327,208,54291,8177,33.33,13.0827,80.2707
2021-06-14,Chennai,16162,11468,453,48486,8451,33.33,13.0827,80.2707
2021-06-15,Chennai,16635,13704,294,66540,3247,25.0,13.0827,80.2707
2021-06-16,Chennai,15999,14756,304,47997,8083,33.33,13.0827,80.2707
2021-06-17,Chennai,18417,14932,201,55251,4456,33.33,13.0827,80.2707
2021-06-18,Chennai,16328,11859,174,48984,1365,33.33,13.0827,80.2707
2021-06-19,Chennai,17595,16586,507,87975,9754,20.0,13.0827,80.2707
2021-06-20,Chennai,18410,13339,427,73640,7511,25.0,13.0827,80.2707
2021-06-21,Chennai,17167,15375,249,51501,4009,33.33,13.0827,80.2707
2021-06-22,Chennai,16883,12330,376,67532,9569,25.0,13.0827,80.2707
2021-06-23,Chennai,16039,11395,471,48117,4747,33.33,13.0827,80.2707
2021-06-24,Chennai,16572,13565,203,49716,7303,33.33,13.0827,80.2707
2021-06-25,Chennai,18319,15208,409,73276,9714,25.0,13.0827,80.2707
2021-06-26,Chennai,16442,12899,469,82210,6784,20.0,13.0827,80.2707
2021-06-27,Chennai,16408,13257,308,49224,3461,33.33,13.0827,80.2707
2021-06-28,Chennai,17924,13091,250,71696,3160,25.0,13.0827,80.2707
2021-06-29,Chennai,18090,16353,492,54270,5875,33.33,13.0827,80.2707
2021-06-30,Chennai,17177,14360,390,68708,1301,25.0,13.0827,80.2707
2021-07-01,Chennai,18206,16278,420,91030,9789,20.0,13.0827,80.2707
2021-07-02,Chennai,16582,15689,476,49746,4537,33.33,13.0827,80.2707
2021-07-03,Chennai,16690,12232,409,83450,5082,20.0,13.0827,80.2707
2021-07-04,Chennai,17351,15792,427,86755,2724,20.0,13.0827,80.2707
2021-07-05,Chennai,17297,14306,275,86485,1022,20.0,13.0827,80.2707
2021-07-06,Chennai,18381,13297,395,55143,8295,33.33,13.0827,80.2707
2021-07-07,Chennai,17055,12624,360,51165,6995,33.33,13.0827,80.2707
2021-07-08,Chennai,17205,15834,267,86025,6343,20.0,13.0827,80.2707
2021-07-09,Chennai,17776,15998,250,71104,2428,25.0,13.0827,80.2707
2021-07-10,Chennai,18270,15602,251,54810,3159,33.33,13.0827,80.2707
2021-07-11,Chennai,16957,14153,347,67828,3649,25.0,13.0827,80.2707
2021-07-12,Chennai,16234,11507,404,64936,4489,25.0,13.0827,80.2707
2021-07-13,Chennai,17699,16114,343,88495,2124,20.0,13.0827,80.2707
2021-07-14,Chennai,16618,13162,315,66472,2013,25.0,13.0827,80.2707
2021-07-15,Chennai,16147,11859,375,64588,3023,25.0,13.0827,80.2707
2021-07-16,Chennai,16791,11767,375,50373,6036,33.33,13.0827,80.2707
2021-07-17,Chennai,18241,15451,357,72964,4586,25.0,13.0827,80.2707
2021-07-18,Chennai,16256,12295,391,65024,1161,25.0,13.0827,80.2707
2021-07-19,Chennai,16514,14045,172,82570,4390,20.0,13.0827,80.2707
2021-07-20,Chennai,17822,13139,426,71288,6433,25.0,13.0827,80.2707
2021-07-21,Chennai,16918,12730,448,84590,9623,20.0,13.0827,80.2707
2021-07-22,Chennai,16660,12171,411,49980,2169,33.33,13.0827,80.2707
2021-07-23,Chennai,16751,12649,367,83755,2019,20.0,13.0827,80.2707
2021-07-24,Chennai,17062,14684,314,85310,3010,20.0,13.0827,80.2707
2021-07-25,Chennai,16319,13095,437,81595,4471,20.0,13.0827,80.2707
2021-07-26,Chennai,16757,12502,288,67028,6068,25.0,13.0827,80.2707
2021-07-27,Chennai,17563,12400,467,52689,3757,33.33,13.0827,80.2707
2021-07-28,Chennai,17821,15961,198,89105,6017,20.0,13.0827,80.2707
2021-07-29,Chennai,16501,15023,226,49503,9895,33.33,13.0827,80.2707
2021-07-30,Chennai,18229,15977,412,72916,8462,25.0,13.0827,80.2707
2021-07-31,Chennai,16930,15699,433,67720,1685,25.0,13.0827,80.2707
2021-08-01,Chennai,17772,13023,319,53316,7868,33.33,13.0827,80.2707
2021-08-02,Chennai,17352,12393,271,86760,1162,20.0,13.0827,80.2707
2021-08-03,Chennai,17895,16580,268,71580,3014,25.0,13.0827,80.2707
2021-08-04,Chennai,17562,16002,269,52686,6347,33.33,13.0827,80.2707
2021-08-05,Chennai,17640,12553,395,88200,6560,20.0,13.0827,80.2707
2021-08-06,Chennai,18164,14146,462,72656,1671,25.0,13.0827,80.2707
2021-08-07,Chennai,17092,12511,472,51276,2449,33.33,13.0827,80.2707
2021-08-08,Chennai,16816,14396,334,50448,4670,33.33,13.0827,80.2707
2021-08-09,Chennai,17674,13216,296,88370,6976,20.0,13.0827,80.2707
2021-08-10,Chennai,16773,14292,284,50319,7304,33.33,13.0827,80.2707
2021-08-11,Chennai,16549,12516,248,82745,1597,20.0,13.0827,80.2707
2021-08-12,Chennai,18257,15168,224,73028,7171,25.0,13.0827,80.2707
2021-08-13,Chennai,18011,12912,435,54033,2633,33.33,13.0827,80.2707
2021-08-14,Chennai,16886,12774,454,67544,2537,25.0,13.0827,80.2707
2021-08-15,Chennai,17990,16415,420,71960,4750,25.0,13.0827,80.2707
2021-08-16,Chennai,16508,11812,334,82540,1610,20.0,13.0827,80.2707
2021-08-17,Chennai,17648,15856,351,88240,3324,20.0,13.0827,80.2707
2021-08-18,Chennai,16452,13757,414,65808,6774,25.0,13.0827,80.2707
2021-08-19,Chennai,18344,13419,425,73376,8548,25.0,13.0827,80.2707
2021-08-20,Chennai,18026,16001,381,72104,6879,25.0,13.0827,80.2707
2021-08-21,Chennai,17198,13516,269,68792,3274,25.0,13.0827,80.2707
2021-08-22,Chennai,16694,13238,317,83470,6546,20.0,13.0827,80.2707
2021-08-23,Chennai,16227,12152,222,48681,9676,33.33,13.0827,80.2707
2021-08-24,Chennai,16825,13443,476,67300,7971,25.0,13.0827,80.2707
2021-08-25,Chennai,16388,13756,218,81940,1258,20.0,13.0827,80.2707
2021-08-26,Chennai,16203,12463,480,48609,4200,33.33,13.0827,80.2707
2021-08-27,Chennai,16935,12634,472,84675,9804,20.0,13.0827,80.2707
2021-08-28,Chennai,18228,16398,535,91140,3591,20.0,13.0827,80.2707
2021-05-01,Kolkata,16435,14543,269,49305,9766,33.33,22.5726,88.3639
2021-05-02,Kolkata,16798,12272,411,67192,2283,25.0,22.5726,88.3639
2021-05-03,Kolkata,15811,14553,293,79055,4711,20.0,22.5726,88.3639
2021-05-04,Kolkata,16448,11896,174,65792,8833,25.0,22.5726,88.3639
2021-05-05,Kolkata,15114,11287,410,60456,1645,25.0,22.5726,88.3639
2021-05-06,Kolkata,17146,15258,510,68584,3990,25.0,22.5726,88.3639
2021-05-07,Kolkata,16275,13261,279,65100,1587,25.0,22.5726,88.3639
2021-05-08,Kolkata,15363,12772,228,61452,9381,25.0,22.5726,88.3639
2021-05-09,Kolkata,16328,12408,209,48984,7450,33.33,22.5726,88.3639
2021-05-10,Kolkata,15830,11837,352,79150,7416,20.0,22.5726,88.3639
2021-05-11,Kolkata,16562,15086,249,49686,9915,33.33,22.5726,88.3639
2021-05-12,Kolkata,17207,12502,280,86035,2958,20.0,22.5726,88.3639
2021-05-13,Kolkata,17136,14802,511,85680,9831,20.0,22.5726,88.3639
2021-05-14,Kolkata,17126,13445,468,85630,6925,20.0,22.5726,88.3639
2021-05-15,Kolkata,17078,12862,182,51234,1948,33.33,22.5726,88.3639
2021-05-16,Kolkata,16907,15517,428,84535,2787,20.0,22.5726,88.3639
2021-05-17,Kolkata,15732,14547,362,62928,8418,25.0,22.5726,88.3639
2021-05-18,Kolkata,17154,14411,209,68616,3597,25.0,22.5726,88.3639
2021-05-19,Kolkata,15029,13768,314,75145,6661,20.0,22.5726,88.3639
2021-05-20,Kolkata,16934,12322,312,50802,1423,33.33,22.5726,88.3639
2021-05-21,Kolkata,15157,14088,236,45471,5178,33.33,22.5726,88.3639
2021-05-22,Kolkata,16337,14292,437,49011,8230,33.33,22.5726,88.3639
2021-05-23,Kolkata,16547,15013,258,82735,8155,20.0,22.5726,88.3639
2021-05-24,Kolkata,15285,11534,189,45855,1285,33.33,22.5726,88.3639
2021-05-25,Kolkata,15152,10653,293,45456,2762,33.33,22.5726,88.3639
2021-05-26,Kolkata,17269,15296,189,69076,8804,25.0,22.5726,88.3639
2021-05-27,Kolkata,16509,15239,226,82545,8183,20.0,22.5726,88.3639
2021-05-28,Kolkata,15973,14354,170,79865,1778,20.0,22.5726,88.3639
2021-05-29,Kolkata,15381,14057,314,46143,8851,33.33,22.5726,88.3639
2021-05-30,Kolkata,16932,14075,180,84660,5577,20.0,22.5726,88.3639
2021-05-31,Kolkata,15615,14661,164,78075,2447,20.0,22.5726,88.3639
2021-06-01,Kolkata,17267,16018,333,86335,7748,20.0,22.5726,88.3639
2021-06-02,Kolkata,15293,13026,346,45879,4740,33.33,22.5726,88.3639
2021-06-03,Kolkata,15066,11440,305,60264,9770,25.0,22.5726,88.3639
2021-06-04,Kolkata,16403,15379,361,82015,5005,20.0,22.5726,88.3639
2021-06-05,Kolkata,17149,13094,295,68596,9921,25.0,22.5726,88.3639
2021-06-06,Kolkata,15170,11150,235,45510,3800,33.33,22.5726,88.3639
2021-06-07,Kolkata,15754,11800,349,47262,6808,33.33,22.5726,88.3639
2021-06-08,Kolkata,15588,10933,158,62352,2159,25.0,22.5726,88.3639
2021-06-09,Kolkata,15442,14067,242,77210,1340,20.0,22.5726,88.3639
2021-06-10,Kolkata,16856,12720,302,67424,7376,25.0,22.5726,88.3639
2021-06-11,Kolkata,16688,15088,261,50064,1855,33.33,22.5726,88.3639
2021-06-12,Kolkata,16700,13131,336,50100,6670,33.33,22.5726,88.3639
2021-06-13,Kolkata,15284,13279,166,76420,2356,20.0,22.5726,88.3639
2021-06-14,Kolkata,17062,13115,305,85310,7132,20.0,22.5726,88.3639
2021-06-15,Kolkata,16020,13648,259,48060,7246,33.33,22.5726,88.3639
2021-06-16,Kolkata,15875,14371,159,79375,9365,20.0,22.5726,88.3639
2021-06-17,Kolkata,16254,14293,432,48762,6806,33.33,22.5726,88.3639
2021-06-18,Kolkata,16763,14611,206,67052,4744,25.0,22.5726,88.3639
2021-06-19,Kolkata,15307,12127,190,45921,4808,33.33,22.5726,88.3639
2021-06-20,Kolkata,15219,10958,260,76095,6889,20.0,22.5726,88.3639
2021-06-21,Kolkata,15846,13651,363,79230,5658,20.0,22.5726,88.3639
2021-06-22,Kolkata,16451,12222,374,49353,2628,33.33,22.5726,88.3639
2021-06-23,Kolkata,16589,15050,494,66356,5008,25.0,22.5726,88.3639
2021-06-24,Kolkata,15155,11726,298,45465,2998,33.33,22.5726,88.3639
2021-06-25,Kolkata,16268,11887,344,81340,8064,20.0,22.5726,88.3639
2021-06-26,Kolkata,16319,14084,439,65276,2130,25.0,22.5726,88.3639
2021-06-27,Kolkata,16569,13271,191,49707,5020,33.33,22.5726,88.3639
2021-06-28,Kolkata,16909,15171,320,67636,2823,25.0,22.5726,88.3639
2021-06-29,Kolkata,16362,13294,353,49086,4134,33.33,22.5726,88.3639
2021-06-30,Kolkata,16958,13222,367,67832,2141,25.0,22.5726,88.3639
2021-07-01,Kolkata,16523,13189,338,66092,7583,25.0,22.5726,88.3639
2021-07-02,Kolkata,14894,10956,414,44682,3606,33.33,22.5726,88.3639
2021-07-03,Kolkata,16698,11794,382,83490,6546,20.0,22.5726,88.3639
2021-07-04,Kolkata,16390,14717,359,49170,2829,33.33,22.5726,88.3639
2021-07-05,Kolkata,15463,13165,267,61852,2054,25.0,22.5726,88.3639
2021-07-06,Kolkata,16536,12156,325,82680,7218,20.0,22.5726,88.3639
2021-07-07,Kolkata,15444,12294,166,61776,5458,25.0,22.5726,88.3639
2021-07-08,Kolkata,17383,13967,311,69532,7268,25.0,22.5726,88.3639
2021-07-09,Kolkata,15798,12985,199,63192,3172,25.0,22.5726,88.3639
2021-07-10,Kolkata,16460,15455,267,82300,7789,20.0,22.5726,88.3639
2021-07-11,Kolkata,16619,15766,347,49857,5154,33.33,22.5726,88.3639
2021-07-12,Kolkata,17366,12814,184,69464,4236,25.0,22.5726,88.3639
2021-07-13,Kolkata,17240,14362,230,51720,6498,33.33,22.5726,88.3639
2021-07-14,Kolkata,17278,13997,277,51834,8730,33.33,22.5726,88.3639
2021-07-15,Kolkata,15649,11179,263,46947,9491,33.33,22.5726,88.3639
2021-07-16,Kolkata,15026,12613,254,75130,7626,20.0,22.5726,88.3639
2021-07-17,Kolkata,15796,13530,312,78980,7652,20.0,22.5726,88.3639
2021-07-18,Kolkata,17208,15205,275,68832,7905,25.0,22.5726,88.3639
2021-07-19,Kolkata,15052,13286,195,45156,9848,33.33,22.5726,88.3639
2021-07-20,Kolkata,17099,15846,216,85495,2140,20.0,22.5726,88.3639
2021-07-21,Kolkata,16777,14772,346,67108,7538,25.0,22.5726,88.3639
2021-07-22,Kolkata,16398,11990,424,49194,1557,33.33,22.5726,88.3639
2021-07-23,Kolkata,15905,14887,206,79525,5761,20.0,22.5726,88.3639
2021-07-24,Kolkata,16659,14804,330,83295,8929,20.0,22.5726,88.3639
2021-07-25,Kolkata,16139,12450,226,80695,5494,20.0,22.5726,88.3639
2021-07-26,Kolkata,16834,13935,334,67336,4536,25.0,22.5726,88.3639
2021-07-27,Kolkata,16602,15333,317,83010,6806,20.0,22.5726,88.3639
2021-07-28,Kolkata,16934,14357,442,84670,4119,20.0,22.5726,88.3639
2021-07-29,Kolkata,16751,15301,314,50253,4935,33.33,22.5726,88.3639
2021-07-30,Kolkata,15727,11254,435,78635,7980,20.0,22.5726,88.3639
2021-07-31,Kolkata,15924,15014,229,79620,3767,20.0,22.5726,88.3639
2021-08-01,Kolkata,16025,13127,380,80125,4906,20.0,22.5726,88.3639
2021-08-02,Kolkata,16721,14348,382,66884,4735,25.0,22.5726,88.3639
2021-08-03,Kolkata,15583,12967,403,77915,8537,20.0,22.5726,88.3639
2021-08-04,Kolkata,17199,16316,202,68796,2088,25.0,22.5726,88.3639
2021-08-05,Kolkata,14912,12797,169,44736,9068,33.33,22.5726,88.3639
2021-08-06,Kolkata,17123,14805,433,85615,4175,20.0,22.5726,88.3639
2021-08-07,Kolkata,15689,11286,284,62756,3014,25.0,22.5726,88.3639
2021-08-08,Kolkata,16269,12633,341,65076,1187,25.0,22.5726,88.3639
2021-08-09,Kolkata,16903,12137,491,84515,9549,20.0,22.5726,88.3639
2021-08-10,Kolkata,16439,14309,201,65756,8913,25.0,22.5726,88.3639
2021-08-11,Kolkata,17257,12394,311,86285,3555,20.0,22.5726,88.3639
2021-08-12,Kolkata,16201,12478,422,64804,5727,25.0,22.5726,88.3639
2021-08-13,Kolkata,16478,15267,270,49434,3368,33.33,22.5726,88.3639
2021-08-14,Kolkata,16581,15664,365,49743,8480,33.33,22.5726,88.3639
2021-08-15,Kolkata,16192,11831,449,80960,7687,20.0,22.5726,88.3639
2021-08-16,Kolkata,16357,13306,432,65428,9851,25.0,22.5726,88.3639
2021-08-17,Kolkata,15047,12512,289,60188,9244,25.0,22.5726,88.3639
2021-08-18,Kolkata,17343,13397,368,52029,8226,33.33,22.5726,88.3639
2021-08-19,Kolkata,16382,14418,295,81910,5945,20.0,22.5726,88.3639
2021-08-20,Kolkata,15241,13418,235,45723,8758,33.33,22.5726,88.3639
2021-08-21,Kolkata,16352,11446,330,65408,2809,25.0,22.5726,88.3639
2021-08-22,Kolkata,17229,15918,373,51687,3437,33.33,22.5726,88.3639
2021-08-23,Kolkata,17260,16140,201,86300,5728,20.0,22.5726,88.3639
2021-08-24,Kolkata,16530,12688,443,66120,3224,25.0,22.5726,88.3639
2021-08-25,Kolkata,15085,11982,441,45255,9662,33.33,22.5726,88.3639
2021-08-26,Kolkata,17153,14428,490,51459,8094,33.33,22.5726,88.3639
2021-08-27,Kolkata,15793,11604,238,78965,4607,20.0,22.5726,88.3639
2021-08-28,Kolkata,15410,14449,370,61640,6832,25.0,22.5726,88.3639
2021-05-01,Panipat,18566,15986,203,55698,6621,33.33,29.3909,76.9635
2021-05-02,Panipat,18147,14450,495,90735,4374,20.0,29.3909,76.9635
2021-05-03,Panipat,18339,13794,318,55017,6574,33.33,29.3909,76.9635
2021-05-04,Panipat,17856,14358,472,89280,5424,20.0,29.3909,76.9635
2021-05-05,Panipat,18302,16153,420,54906,2772,33.33,29.3909,76.9635
2021-05-06,Panipat,16981,13562,485,67924,8170,25.0,29.3909,76.9635
2021-05-07,Panipat,17871,16863,197,71484,2461,25.0,29.3909,76.9635
2021-05-08,Panipat,17908,16521,282,89540,2548,20.0,29.3909,76.9635
2021-05-09,Panipat,18916,13768,384,94580,3100,20.0,29.3909,76.9635
2021-05-10,Panipat,17377,13214,490,69508,9016,25.0,29.3909,76.9635
2021-05-11,Panipat,17217,13832,341,86085,3661,20.0,29.3909,76.9635
2021-05-12,Panipat,18884,17496,289,56652,9931,33.33,29.3909,76.9635
2021-05-13,Panipat,18221,15119,429,91105,4227,20.0,29.3909,76.9635
2021-05-14,Panipat,18971,13903,514,75884,6818,25.0,29.3909,76.9635
2021-05-15,Panipat,19042,17171,236,76168,5063,25.0,29.3909,76.9635
2021-05-16,Panipat,18579,14367,473,74316,3566,25.0,29.3909,76.9635
2021-05-17,Panipat,18879,13221,301,56637,4718,33.33,29.3909,76.9635
2021-05-18,Panipat,17126,12089,479,51378,9835,33.33,29.3909,76.9635
2021-05-19,Panipat,17435,12490,253,69740,6345,25.0,29.3909,76.9635
2021-05-20,Panipat,19279,15776,215,77116,9707,25.0,29.3909,76.9635
2021-05-21,Panipat,18445,17477,272,73780,7683,25.0,29.3909,76.9635
2021-05-22,Panipat,17097,13530,248,85485,1025,20.0,29.3909,76.9635
2021-05-23,Panipat,18237,14202,283,54711,4764,33.33,29.3909,76.9635
2021-05-24,Panipat,17911,14275,420,89555,2072,20.0,29.3909,76.9635
2021-05-25,Panipat,17035,15012,353,85175,5781,20.0,29.3909,76.9635
2021-05-26,Panipat,18596,17343,370,55788,3295,33.33,29.3909,76.9635
2021-05-27,Panipat,18409,14799,295,73636,3783,25.0,29.3909,76.9635
2021-05-28,Panipat,17965,15627,207,71860,3645,25.0,29.3909,76.9635
2021-05-29,Panipat,19313,15738,404,57939,2757,33.33,29.3909,76.9635
2021-05-30,Panipat,18870,13990,356,56610,9811,33.33,29.3909,76.9635
2021-05-31,Panipat,19198,17245,519,76792,3743,25.0,29.3909,76.9635
2021-06-01,Panipat,18675,17521,381,93375,9548,20.0,29.3909,76.9635
2021-06-02,Panipat,18444,17150,249,73776,1619,25.0,29.3909,76.9635
2021-06-03,Panipat,17702,15631,302,53106,9436,33.33,29.3909,76.9635
2021-06-04,Panipat,19317,18192,344,77268,9199,25.0,29.3909,76.9635
2021-06-05,Panipat,18839,14352,429,94195,4667,20.0,29.3909,76.9635
2021-06-06,Panipat,18697,17085,412,56091,7217,33.33,29.3909,76.9635
2021-06-07,Panipat,18456,14658,388,92280,9148,20.0,29.3909,76.9635
2021-06-08,Panipat,18571,16751,251,92855,6722,20.0,29.3909,76.9635
2021-06-09,Panipat,17168,14081,399,68672,3787,25.0,29.3909,76.9635
2021-06-10,Panipat,18281,14614,519,91405,3176,20.0,29.3909,76.9635
2021-06-11,Panipat,17420,15508,303,52260,8778,33.33,29.3909,76.9635
2021-06-12,Panipat,17093,16206,302,51279,4162,33.33,29.3909,76.9635
2021-06-13,Panipat,17925,15490,265,71700,9345,25.0,29.3909,76.9635
2021-06-14,Panipat,18720,17664,197,93600,4786,20.0,29.3909,76.9635
2021-06-15,Panipat,17884,12692,191,53652,2772,33.33,29.3909,76.9635
2021-06-16,Panipat,18780,17608,406,93900,3871,20.0,29.3909,76.9635
2021-06-17,Panipat,17766,14334,293,88830,2132,20.0,29.3909,76.9635
2021-06-18,Panipat,17519,14147,491,70076,8812,25.0,29.3909,76.9635
2021-06-19,Panipat,17224,15342,455,86120,4180,20.0,29.3909,76.9635
2021-06-20,Panipat,17040,13015,271,85200,5570,20.0,29.3909,76.9635
2021-06-21,Panipat,18733,17519,377,93665,4607,20.0,29.3909,76.9635
2021-06-22,Panipat,17109,15722,355,85545,1580,20.0,29.3909,76.9635
2021-06-23,Panipat,17682,12942,447,53046,4832,33.33,29.3909,76.9635
2021-06-24,Panipat,17519,14551,194,70076,7534,25.0,29.3909,76.9635
2021-06-25,Panipat,18458,14324,296,92290,9575,20.0,29.3909,76.9635
2021-06-26,Panipat,18534,13214,256,74136,5082,25.0,29.3909,76.9635
2021-06-27,Panipat,18354,15787,336,55062,2849,33.33,29.3909,76.9635
2021-06-28,Panipat,17125,15823,451,85625,1205,20.0,29.3909,76.9635
2021-06-29,Panipat,17315,16024,452,86575,6141,20.0,29.3909,76.9635
2021-06-30,Panipat,17032,14232,221,85160,4273,20.0,29.3909,76.9635
2021-07-01,Panipat,18899,14019,484,56697,4722,33.33,29.3909,76.9635
2021-07-02,Panipat,16829,13807,290,84145,1152,20.0,29.3909,76.9635
2021-07-03,Panipat,18478,16440,222,55434,6310,33.33,29.3909,76.9635
2021-07-04,Panipat,18572,13799,546,92860,8361,20.0,29.3909,76.9635
2021-07-05,Panipat,16923,12608,202,67692,4072,25.0,29.3909,76.9635
2021-07-06,Panipat,17826,15573,438,71304,4664,25.0,29.3909,76.9635
2021-07-07,Panipat,17582,12535,225,70328,5357,25.0,29.3909,76.9635
2021-07-08,Panipat,18183,17176,493,90915,9752,20.0,29.3909,76.9635
2021-07-09,Panipat,17919,15549,335,53757,8106,33.33,29.3909,76.9635
2021-07-10,Panipat,18317,13568,471,73268,9560,25.0,29.3909,76.9635
2021-07-11,Panipat,17670,15824,220,70680,2293,25.0,29.3909,76.9635
2021-07-12,Panipat,17493,14159,257,87465,3972,20.0,29.3909,76.9635
2021-07-13,Panipat,17721,14825,519,88605,3240,20.0,29.3909,76.9635
2021-07-14,Panipat,18296,16093,498,54888,2855,33.33,29.3909,76.9635
2021-07-15,Panipat,18326,17191,266,91630,2481,20.0,29.3909,76.9635
2021-07-16,Panipat,17271,14788,282,69084,1882,25.0,29.3909,76.9635
2021-07-17,Panipat,17132,15404,257,85660,8951,20.0,29.3909,76.9635
2021-07-18,Panipat,17414,14923,260,52242,1112,33.33,29.3909,76.9635
2021-07-19,Panipat,17855,13782,288,89275,1139,20.0,29.3909,76.9635
2021-07-20,Panipat,18244,17035,339,72976,8236,25.0,29.3909,76.9635
2021-07-21,Panipat,18985,14462,324,75940,4951,25.0,29.3909,76.9635
2021-07-22,Panipat,16838,14638,192,67352,3606,25.0,29.3909,76.9635
2021-07-23,Panipat,17271,16329,443,86355,7358,20.0,29.3909,76.9635
2021-07-24,Panipat,16947,15044,203,50841,6911,33.33,29.3909,76.9635
2021-07-25,Panipat,19205,17962,543,76820,6693,25.0,29.3909,76.9635
2021-07-26,Panipat,18512,17480,223,74048,2988,25.0,29.3909,76.9635
2021-07-27,Panipat,18311,14752,310,91555,8162,20.0,29.3909,76.9635
2021-07-28,Panipat,19254,14466,378,77016,6755,25.0,29.3909,76.9635
2021-07-29,Panipat,19033,17931,420,95165,2518,20.0,29.3909,76.9635
2021-07-30,Panipat,19097,13694,355,95485,4554,20.0,29.3909,76.9635
2021-07-31,Panipat,19234,16124,439,76936,2742,25.0,29.3909,76.9635
2021-08-01,Panipat,18126,15751,437,72504,5195,25.0,29.3909,76.9635
2021-08-02,Panipat,17902,15206,489,53706,3642,33.33,29.3909,76.9635
2021-08-03,Panipat,17997,14618,400,89985,5757,20.0,29.3909,76.9635
2021-08-04,Panipat,17379,12194,442,69516,3461,25.0,29.3909,76.9635
2021-08-05,Panipat,16844,12003,379,50532,1816,33.33,29.3909,76.9635
2021-08-06,Panipat,16902,15877,303,50706,3093,33.33,29.3909,76.9635
2021-08-07,Panipat,17437,15429,249,69748,5937,25.0,29.3909,76.9635
2021-08-08,Panipat,17189,15224,284,85945,2364,20.0,29.3909,76.9635
2021-08-09,Panipat,18252,14756,276,54756,3426,33.33,29.3909,76.9635
2021-08-10,Panipat,16892,13675,505,50676,5138,33.33,29.3909,76.9635
2021-08-11,Panipat,19244,16697,462,57732,9560,33.33,29.3909,76.9635
2021-08-12,Panipat,16970,12091,479,84850,7136,20.0,29.3909,76.9635
2021-08-13,Panipat,18209,13979,272,91045,9252,20.0,29.3909,76.9635
2021-08-14,Panipat,17765,15689,393,88825,2551,20.0,29.3909,76.9635
2021-08-15,Panipat,17157,13606,285,68628,5370,25.0,29.3909,76.9635
2021-08-16,Panipat,18007,16803,376,72028,2993,25.0,29.3909,76.9635
2021-08-17,Panipat,17689,15667,437,70756,1690,25.0,29.3909,76.9635
2021-08-18,Panipat,17313,13725,491,69252,8786,25.0,29.3909,76.9635
2021-08-19,Panipat,17114,13130,297,68456,5744,25.0,29.3909,76.9635
2021-08-20,Panipat,18693,16764,356,56079,4641,33.33,29.3909,76.9635
2021-08-21,Panipat,17182,14767,458,68728,6738,25.0,29.3909,76.9635
2021-08-22,Panipat,18392,16479,338,91960,8829,20.0,29.3909,76.9635
2021-08-23,Panipat,17982,15279,252,71928,9326,25.0,29.3909,76.9635
2021-08-24,Panipat,17694,14558,505,88470,8296,20.0,29.3909,76.9635
2021-08-25,Panipat,17642,15493,180,52926,8552,33.33,29.3909,76.9635
2021-08-26,Panipat,18457,13655,243,55371,3032,33.33,29.3909,76.9635
2021-08-27,Panipat,18888,16747,461,94440,1802,20.0,29.3909,76.9635
2021-08-28,Panipat,17783,13733,288,88915,5841,20.0,29.3909,76.9635
2021-05-01,Gurugram,9294,7335,158,27882,3591,33.33,28.4595,77.0266
2021-05-02,Gurugram,8172,7667,135,32688,2200,25.0,28.4595,77.0266
2021-05-03,Gurugram,7919,7406,217,23757,7972,33.33,28.4595,77.0266
2021-05-04,Gurugram,7742,5569,205,38710,1661,20.0,28.4595,77.0266
2021-05-05,Gurugram,10078,9218,237,30234,7219,33.33,28.4595,77.0266
2021-05-06,Gurugram,10067,8152,223,30201,2700,33.33,28.4595,77.0266
2021-05-07,Gurugram,8100,6660,150,40500,4687,20.0,28.4595,77.0266
2021-05-08,Gurugram,8202,7215,202,32808,5757,25.0,28.4595,77.0266
2021-05-09,Gurugram,8363,6028,86,41815,8081,20.0,28.4595,77.0266
2021-05-10,Gurugram,8104,6162,138,40520,8178,20.0,28.4595,77.0266
2021-05-11,Gurugram,9859,7312,146,49295,1146,20.0,28.4595,77.0266
2021-05-12,Gurugram,9771,7376,285,48855,6628,20.0,28.4595,77.0266
2021-05-13,Gurugram,7742,6224,143,38710,3242,20.0,28.4595,77.0266
2021-05-14,Gurugram,9983,8016,250,29949,6618,33.33,28.4595,77.0266
2021-05-15,Gurugram,7746,7107,175,38730,1204,20.0,28.4595,77.0266
2021-05-16,Gurugram,9062,7466,259,45310,3687,20.0,28.4595,77.0266
2021-05-17,Gurugram,8461,7386,119,25383,6126,33.33,28.4595,77.0266
2021-05-18,Gurugram,8943,7395,164,26829,4645,33.33,28.4595,77.0266
2021-05-19,Gurugram,8134,7437,190,40670,8374,20.0,28.4595,77.0266
2021-05-20,Gurugram,9632,8400,145,28896,4893,33.33,28.4595,77.0266
2021-05-21,Gurugram,8702,7256,232,26106,7773,33.33,28.4595,77.0266
2021-05-22,Gurugram,8828,7175,120,35312,5008,25.0,28.4595,77.0266
2021-05-23,Gurugram,8034,6596,82,32136,5637,25.0,28.4595,77.0266
2021-05-24,Gurugram,9710,8747,272,38840,4719,25.0,28.4595,77.0266
2021-05-25,Gurugram,9838,8714,265,29514,5780,33.33,28.4595,77.0266
2021-05-26,Gurugram,7687,6102,200,38435,1531,20.0,28.4595,77.0266
2021-05-27,Gurugram,9589,8971,104,47945,1002,20.0,28.4595,77.0266
2021-05-28,Gurugram,9323,8225,206,46615,6626,20.0,28.4595,77.0266
2021-05-29,Gurugram,9513,6766,161,47565,4306,20.0,28.4595,77.0266
2021-05-30,Gurugram,8503,7358,167,42515,8291,20.0,28.4595,77.0266
2021-05-31,Gurugram,9111,8137,191,27333,6255,33.33,28.4595,77.0266
2021-06-01,Gurugram,7855,6574,160,31420,3854,25.0,28.4595,77.0266
2021-06-02,Gurugram,9109,7555,116,27327,6330,33.33,28.4595,77.0266
2021-06-03,Gurugram,7649,6773,102,22947,3942,33.33,28.4595,77.0266
2021-06-04,Gurugram,7825,6241,103,39125,1990,20.0,28.4595,77.0266
2021-06-05,Gurugram,9418,8132,261,28254,6876,33.33,28.4595,77.0266
2021-06-06,Gurugram,9099,8094,146,27297,4340,33.33,28.4595,77.0266
2021-06-07,Gurugram,9920,7615,139,49600,6944,20.0,28.4595,77.0266
2021-06-08,Gurugram,8560,7835,234,34240,4278,25.0,28.4595,77.0266
2021-06-09,Gurugram,8965,6448,214,44825,1857,20.0,28.4595,77.0266
2021-06-10,Gurugram,8396,7261,217,33584,5334,25.0,28.4595,77.0266
2021-06-11,Gurugram,7800,7291,177,23400,7111,33.33,28.4595,77.0266
2021-06-12,Gurugram,7761,6331,120,38805,3915,20.0,28.4595,77.0266
2021-06-13,Gurugram,9215,7975,242,46075,5933,20.0,28.4595,77.0266
2021-06-14,Gurugram,9613,6941,230,28839,9960,33.33,28.4595,77.0266
2021-06-15,Gurugram,8699,6992,241,43495,3875,20.0,28.4595,77.0266
2021-06-16,Gurugram,9443,8184,155,37772,9092,25.0,28.4595,77.0266
2021-06-17,Gurugram,8060,7649,213,32240,3378,25.0,28.4595,77.0266
2021-06-18,Gurugram,8811,7724,258,44055,9490,20.0,28.4595,77.0266
2021-06-19,Gurugram,8562,7594,223,34248,2474,25.0,28.4595,77.0266
2021-06-20,Gurugram,7970,6507,170,23910,3828,33.33,28.4595,77.0266
2021-06-21,Gurugram,9510,8942,264,28530,5594,33.33,28.4595,77.0266
2021-06-22,Gurugram,8555,7199,139,25665,3850,33.33,28.4595,77.0266
2021-06-23,Gurugram,7771,5473,220,23313,1991,33.33,28.4595,77.0266
2021-06-24,Gurugram,9557,7006,193,38228,9706,25.0,28.4595,77.0266
2021-06-25,Gurugram,8837,7102,159,44185,1067,20.0,28.4595,77.0266
2021-06-26,Gurugram,9202,7909,226,36808,1572,25.0,28.4595,77.0266
2021-06-27,Gurugram,8905,7501,243,44525,6741,20.0,28.4595,77.0266
2021-06-28,Gurugram,8599,6754,176,42995,5996,20.0,28.4595,77.0266
2021-06-29,Gurugram,9290,8781,213,27870,3217,33.33,28.4595,77.0266
2021-06-30,Gurugram,9550,7888,276,28650,3961,33.33,28.4595,77.0266
2021-07-01,Gurugram,9196,8422,112,45980,4716,20.0,28.4595,77.0266
2021-07-02,Gurugram,9054,7796,266,36216,3505,25.0,28.4595,77.0266
2021-07-03,Gurugram,8523,6298,193,25569,2678,33.33,28.4595,77.0266
2021-07-04,Gurugram,8221,7203,157,41105,5749,20.0,28.4595,77.0266
2021-07-05,Gurugram,8039,7193,178,40195,1206,20.0,28.4595,77.0266
2021-07-06,Gurugram,8385,6823,198,33540,3690,25.0,28.4595,77.0266
2021-07-07,Gurugram,7695,6159,100,23085,3789,33.33,28.4595,77.0266
2021-07-08,Gurugram,9463,8803,205,47315,8175,20.0,28.4595,77.0266
2021-07-09,Gurugram,8658,6976,101,43290,6866,20.0,28.4595,77.0266
2021-07-10,Gurugram,8581,7858,237,42905,8382,20.0,28.4595,77.0266
2021-07-11,Gurugram,9741,8972,121,48705,3259,20.0,28.4595,77.0266
2021-07-12,Gurugram,9434,8720,211,47170,8431,20.0,28.4595,77.0266
2021-07-13,Gurugram,8836,8057,99,44180,6750,20.0,28.4595,77.0266
2021-07-14,Gurugram,8550,7415,238,25650,7034,33.33,28.4595,77.0266
2021-07-15,Gurugram,8099,6450,92,32396,9954,25.0,28.4595,77.0266
2021-07-16,Gurugram,9929,7087,286,49645,7628,20.0,28.4595,77.0266
2021-07-17,Gurugram,9646,9085,181,48230,7026,20.0,28.4595,77.0266
2021-07-18,Gurugram,7715,6616,111,30860,5134,25.0,28.4595,77.0266
2021-07-19,Gurugram,8242,6392,243,32968,6457,25.0,28.4595,77.0266
2021-07-20,Gurugram,9589,6895,285,47945,8542,20.0,28.4595,77.0266
2021-07-21,Gurugram,7616,6403,198,22848,2289,33.33,28.4595,77.0266
2021-07-22,Gurugram,9053,7024,146,36212,6462,25.0,28.4595,77.0266
2021-07-23,Gurugram,8596,6867,208,25788,7327,33.33,28.4595,77.0266
2021-07-24,Gurugram,7831,6379,191,31324,6067,25.0,28.4595,77.0266
2021-07-25,Gurugram,8541,7396,119,42705,7974,20.0,28.4595,77.0266
2021-07-26,Gurugram,9132,8310,272,27396,5135,33.33,28.4595,77.0266
2021-07-27,Gurugram,8711,7123,201,34844,2234,25.0,28.4595,77.0266
2021-07-28,Gurugram,10097,7980,274,40388,6558,25.0,28.4595,77.0266
2021-07-29,Gurugram,9436,7676,238,37744,3535,25.0,28.4595,77.0266
2021-07-30,Gurugram,9538,8798,251,38152,6074,25.0,28.4595,77.0266
2021-07-31,Gurugram,9218,7787,182,46090,5405,20.0,28.4595,77.0266
2021-08-01,Gurugram,9649,8087,168,48245,4262,20.0,28.4595,77.0266
2021-08-02,Gurugram,9051,8269,120,45255,8579,20.0,28.4595,77.0266
2021-08-03,Gurugram,9272,6914,245,37088,7855,25.0,28.4595,77.0266
2021-08-04,Gurugram,9900,8343,127,39600,5482,25.0,28.4595,77.0266
2021-08-05,Gurugram,9397,6782,198,46985,1348,20.0,28.4595,77.0266
2021-08-06,Gurugram,8884,6968,264,44420,5820,20.0,28.4595,77.0266
2021-08-07,Gurugram,9225,7033,140,27675,3985,33.33,28.4595,77.0266
2021-08-08,Gurugram,7881,6258,115,23643,4968,33.33,28.4595,77.0266
2021-08-09,Gurugram,8516,6385,135,34064,6850,25.0,28.4595,77.0266
2021-08-10,Gurugram,7714,7221,171,38570,2134,20.0,28.4595,77.0266
2021-08-11,Gurugram,8386,6851,162,25158,2724,33.33,28.4595,77.0266
2021-08-12,Gurugram,8492,6978,157,25476,4357,33.33,28.4595,77.0266
2021-08-13,Gurugram,8476,7914,148,33904,2117,25.0,28.4595,77.0266
2021-08-14,Gurugram,8800,6227,123,44000,7992,20.0,28.4595,77.0266
2021-08-15,Gurugram,9096,7766,256,36384,4435,25.0,28.4595,77.0266
2021-08-16,Gurugram,8170,5821,87,24510,2848,33.33,28.4595,77.0266
2021-08-17,Gurugram,9961,9284,298,49805,4791,20.0,28.4595,77.0266
2021-08-18,Gurugram,8894,6972,171,26682,8117,33.33,28.4595,77.0266
2021-08-19,Gurugram,8622,7346,134,34488,4303,25.0,28.4595,77.0266
2021-08-20,Gurugram,8488,7534,106,25464,2504,33.33,28.4595,77.0266
2021-08-21,Gurugram,10069,8449,273,50345,5485,20.0,28.4595,77.0266
2021-08-22,Gurugram,7947,5694,82,39735,5917,20.0,28.4595,77.0266
2021-08-23,Gurugram,9341,8349,137,46705,7999,20.0,28.4595,77.0266
2021-08-24,Gurugram,8422,6594,133,42110,5763,20.0,28.4595,77.0266
2021-08-25,Gurugram,9648,8228,227,38592,2051,25.0,28.4595,77.0266
2021-08-26,Gurugram,9179,8598,254,36716,7320,25.0,28.4595,77.0266
2021-08-27,Gurugram,9711,7903,228,29133,4176,33.33,28.4595,77.0266
2021-08-28,Gurugram,8857,7578,263,35428,6869,25.0,28.4595,77.0266
2021-05-01,Noida,13758,11153,209,55032,3863,25.0,28.5355,77.391
2021-05-02,Noida,14533,13751,418,58132,5005,25.0,28.5355,77.391
2021-05-03,Noida,12961,9371,171,64805,7615,20.0,28.5355,77.391
2021-05-04,Noida,13437,12657,254,53748,6698,25.0,28.5355,77.391
2021-05-05,Noida,13312,9335,149,39936,9002,33.33,28.5355,77.391
2021-05-06,Noida,12190,11024,306,36570,1270,33.33,28.5355,77.391
2021-05-07,Noida,13225,9959,307,52900,7305,25.0,28.5355,77.391
2021-05-08,Noida,14437,11393,363,72185,3230,20.0,28.5355,77.391
2021-05-09,Noida,14454,11099,199,57816,4970,25.0,28.5355,77.391
2021-05-10,Noida,12187,9840,324,48748,7589,25.0,28.5355,77.391
2021-05-11,Noida,14083,11729,221,70415,9185,20.0,28.5355,77.391
2021-05-12,Noida,12288,9022,303,36864,3672,33.33,28.5355,77.391
2021-05-13,Noida,12913,10149,318,64565,9721,20.0,28.5355,77.391
2021-05-14,Noida,12699,11495,270,63495,9383,20.0,28.5355,77.391
2021-05-15,Noida,14025,11258,297,42075,4783,33.33,28.5355,77.391
2021-05-16,Noida,12241,11019,147,36723,2716,33.33,28.5355,77.391
2021-05-17,Noida,12349,9760,146,49396,4932,25.0,28.5355,77.391
2021-05-18,Noida,12623,11662,324,63115,6898,20.0,28.5355,77.391
2021-05-19,Noida,14050,10618,385,42150,1890,33.33,28.5355,77.391
2021-05-20,Noida,14030,10860,403,56120,9923,25.0,28.5355,77.391
2021-05-21,Noida,12644,9671,371,37932,2719,33.33,28.5355,77.391
2021-05-22,Noida,12712,9058,140,38136,6558,33.33,28.5355,77.391
2021-05-23,Noida,12316,9318,274,36948,7837,33.33,28.5355,77.391
2021-05-24,Noida,13488,12218,356,53952,3028,25.0,28.5355,77.391
2021-05-25,Noida,13270,10491,346,39810,9848,33.33,28.5355,77.391
2021-05-26,Noida,12204,9966,239,48816,7509,25.0,28.5355,77.391
2021-05-27,Noida,13301,9774,286,39903,8962,33.33,28.5355,77.391
2021-05-28,Noida,12307,10027,197,61535,8984,20.0,28.5355,77.391
2021-05-29,Noida,12445,10365,132,37335,1985,33.33,28.5355,77.391
2021-05-30,Noida,12428,9200,287,49712,7928,25.0,28.5355,77.391
2021-05-31,Noida,13311,11696,151,66555,8566,20.0,28.5355,77.391
2021-06-01,Noida,12057,10771,131,60285,8504,20.0,28.5355,77.391
2021-06-02,Noida,14505,11439,304,58020,2895,25.0,28.5355,77.391
2021-06-03,Noida,13982,11926,244,69910,2073,20.0,28.5355,77.391
2021-06-04,Noida,13127,10646,328,52508,2956,25.0,28.5355,77.391
2021-06-05,Noida,12501,9985,170,62505,5827,20.0,28.5355,77.391
2021-06-06,Noida,13974,9928,256,41922,6313,33.33,28.5355,77.391
2021-06-07,Noida,13349,9663,218,66745,4558,20.0,28.5355,77.391
2021-06-08,Noida,13619,12381,149,68095,5198,20.0,28.5355,77.391
2021-06-09,Noida,13040,10160,204,52160,9849,25.0,28.5355,77.391
2021-06-10,Noida,13259,11869,238,53036,5266,25.0,28.5355,77.391
2021-06-11,Noida,14259,12327,144,57036,3541,25.0,28.5355,77.391
2021-06-12,Noida,14092,10749,378,56368,1607,25.0,28.5355,77.391
2021-06-13,Noida,12495,9710,268,62475,4177,20.0,28.5355,77.391
2021-06-14,Noida,12849,12137,376,38547,1808,33.33,28.5355,77.391
2021-06-15,Noida,13017,10237,304,52068,8701,25.0,28.5355,77.391
2021-06-16,Noida,13255,10604,340,66275,1972,20.0,28.5355,77.391
2021-06-17,Noida,13577,12890,187,54308,1224,25.0,28.5355,77.391
2021-06-18,Noida,13592,9923,391,67960,2106,20.0,28.5355,77.391
2021-06-19,Noida,12163,9191,196,60815,3971,20.0,28.5355,77.391
2021-06-20,Noida,14056,10439,258,42168,2609,33.33,28.5355,77.391
2021-06-21,Noida,12756,11238,303,51024,7782,25.0,28.5355,77.391
2021-06-22,Noida,13999,9982,184,55996,6578,25.0,28.5355,77.391
2021-06-23,Noida,13585,12328,393,67925,4792,20.0,28.5355,77.391
2021-06-24,Noida,13510,10402,210,40530,7197,33.33,28.5355,77.391
2021-06-25,Noida,13393,10781,136,66965,2012,20.0,28.5355,77.391
2021-06-26,Noida,12225,10340,125,61125,9622,20.0,28.5355,77.391
2021-06-27,Noida,12277,8717,267,36831,6877,33.33,28.5355,77.391
2021-06-28,Noida,12865,10727,274,64325,2902,20.0,28.5355,77.391
2021-06-29,Noida,13949,11681,153,41847,2789,33.33,28.5355,77.391
2021-06-30,Noida,12055,9106,197,36165,9711,33.33,28.5355,77.391
2021-07-01,Noida,13899,10041,192,55596,7543,25.0,28.5355,77.391
2021-07-02,Noida,13844,12295,152,41532,7940,33.33,28.5355,77.391
2021-07-03,Noida,12233,10044,292,61165,5713,20.0,28.5355,77.391
2021-07-04,Noida,12102,9368,341,36306,5933,33.33,28.5355,77.391
2021-07-05,Noida,12869,10169,233,51476,8108,25.0,28.5355,77.391
2021-07-06,Noida,12988,9204,231,64940,2909,20.0,28.5355,77.391
2021-07-07,Noida,14307,11248,239,71535,1931,20.0,28.5355,77.391
2021-07-08,Noida,12879,9755,234,51516,7382,25.0,28.5355,77.391
2021-07-09,Noida,14527,10681,303,58108,2873,25.0,28.5355,77.391
2021-07-10,Noida,12954,11193,268,51816,2859,25.0,28.5355,77.391
2021-07-11,Noida,13864,9808,261,69320,5675,20.0,28.5355,77.391
2021-07-12,Noida,13209,9804,225,66045,6308,20.0,28.5355,77.391
2021-07-13,Noida,14501,11199,280,58004,5282,25.0,28.5355,77.391
2021-07-14,Noida,13946,11318,312,41838,6983,33.33,28.5355,77.391
2021-07-15,Noida,12182,10491,127,60910,4178,20.0,28.5355,77.391
2021-07-16,Noida,14215,10409,170,71075,9497,20.0,28.5355,77.391
2021-07-17,Noida,12946,9192,359,38838,5654,33.33,28.5355,77.391
2021-07-18,Noida,13243,11804,199,66215,7553,20.0,28.5355,77.391
2021-07-19,Noida,12856,11164,346,64280,3537,20.0,28.5355,77.391
2021-07-20,Noida,14268,12139,337,57072,3077,25.0,28.5355,77.391
2021-07-21,Noida,13658,10502,346,40974,5873,33.33,28.5355,77.391
2021-07-22,Noida,12482,11680,205,37446,9745,33.33,28.5355,77.391
2021-07-23,Noida,14389,10287,181,57556,9376,25.0,28.5355,77.391
2021-07-24,Noida,12506,10947,153,50024,6593,25.0,28.5355,77.391
2021-07-25,Noida,14098,11038,272,42294,9713,33.33,28.5355,77.391
2021-07-26,Noida,13926,12556,373,69630,5155,20.0,28.5355,77.391
2021-07-27,Noida,12616,10176,264,50464,2409,25.0,28.5355,77.391
2021-07-28,Noida,13733,12378,246,68665,3172,20.0,28.5355,77.391
2021-07-29,Noida,12909,10650,147,51636,8825,25.0,28.5355,77.391
2021-07-30,Noida,13790,10828,390,55160,7135,25.0,28.5355,77.391
2021-07-31,Noida,13516,11876,214,54064,5535,25.0,28.5355,77.391
2021-08-01,Noida,13158,11435,310,52632,9386,25.0,28.5355,77.391
2021-08-02,Noida,12701,8894,196,63505,6060,20.0,28.5355,77.391
2021-08-03,Noida,13817,11721,142,55268,8148,25.0,28.5355,77.391
2021-08-04,Noida,14403,11316,182,43209,9872,33.33,28.5355,77.391
2021-08-05,Noida,13372,12430,307,40116,4866,33.33,28.5355,77.391
2021-08-06,Noida,12410,10687,195,49640,5942,25.0,28.5355,77.391
2021-08-07,Noida,12081,8456,292,36243,5571,33.33,28.5355,77.391
2021-08-08,Noida,12121,8933,143,36363,7394,33.33,28.5355,77.391
2021-08-09,Noida,14377,13294,302,71885,8774,20.0,28.5355,77.391
2021-08-10,Noida,14024,11945,249,42072,9832,33.33,28.5355,77.391
2021-08-11,Noida,13917,10023,370,55668,2367,25.0,28.5355,77.391
2021-08-12,Noida,14140,12986,422,56560,2986,25.0,28.5355,77.391
2021-08-13,Noida,14279,11137,278,42837,6968,33.33,28.5355,77.391
2021-08-14,Noida,12744,11063,301,38232,6231,33.33,28.5355,77.391
2021-08-15,Noida,14217,12576,331,42651,4144,33.33,28.5355,77.391
2021-08-16,Noida,13741,12617,274,54964,8130,25.0,28.5355,77.391
2021-08-17,Noida,12209,9115,128,48836,2499,25.0,28.5355,77.391
2021-08-18,Noida,14138,11635,366,70690,5039,20.0,28.5355,77.391
2021-08-19,Noida,14074,11790,288,70370,1298,20.0,28.5355,77.391
2021-08-20,Noida,12962,11573,298,64810,7578,20.0,28.5355,77.391
2021-08-21,Noida,12818,10492,145,64090,3657,20.0,28.5355,77.391
2021-08-22,Noida,12465,9572,224,49860,9105,25.0,28.5355,77.391
2021-08-23,Noida,13282,12278,347,66410,4957,20.0,28.5355,77.391
2021-08-24,Noida,14005,11080,319,42015,8833,33.33,28.5355,77.391
2021-08-25,Noida,13932,11690,239,41796,6540,33.33,28.5355,77.391
2021-08-26,Noida,12084,10671,344,36252,9792,33.33,28.5355,77.391
2021-08-27,Noida,12419,10873,206,49676,6599,25.0,28.5355,77.391
2021-08-28,Noida,14391,12506,232,57564,8382,25.0,28.5355,77.391
2021-05-01,Hyderabad,15458,12049,333,46374,5633,33.33,17.385,78.4867
2021-05-02,Hyderabad,15588,11153,261,62352,3381,25.0,17.385,78.4867
2021-05-03,Hyderabad,15465,12755,187,61860,3547,25.0,17.385,78.4867
2021-05-04,Hyderabad,15352,11188,424,76760,1506,20.0,17.385,78.4867
2021-05-05,Hyderabad,16250,13879,311,65000,7360,25.0,17.385,78.4867
2021-05-06,Hyderabad,16540,15525,215,66160,2464,25.0,17.385,78.4867
2021-05-07,Hyderabad,15058,12517,184,75290,9864,20.0,17.385,78.4867
2021-05-08,Hyderabad,16439,13117,217,49317,1643,33.33,17.385,78.4867
2021-05-09,Hyderabad,15094,13200,215,75470,8345,20.0,17.385,78.4867
2021-05-10,Hyderabad,15124,10959,186,75620,3339,20.0,17.385,78.4867
2021-05-11,Hyderabad,16637,13850,392,66548,6275,25.0,17.385,78.4867
2021-05-12,Hyderabad,15175,13956,321,75875,8354,20.0,17.385,78.4867
2021-05-13,Hyderabad,16975,14489,347,67900,9111,25.0,17.385,78.4867
2021-05-14,Hyderabad,15969,13081,360,63876,1692,25.0,17.385,78.4867
2021-05-15,Hyderabad,14922,13955,186,59688,3646,25.0,17.385,78.4867
2021-05-16,Hyderabad,15781,11745,385,63124,9210,25.0,17.385,78.4867
2021-05-17,Hyderabad,15792,12723,472,63168,8928,25.0,17.385,78.4867
2021-05-18,Hyderabad,16748,12348,430,66992,9346,25.0,17.385,78.4867
2021-05-19,Hyderabad,15572,14302,159,46716,2184,33.33,17.385,78.4867
2021-05-20,Hyderabad,15414,11299,289,77070,4956,20.0,17.385,78.4867
2021-05-21,Hyderabad,14839,10589,326,74195,1421,20.0,17.385,78.4867
2021-05-22,Hyderabad,16112,14925,430,80560,5675,20.0,17.385,78.4867
2021-05-23,Hyderabad,15558,13177,265,46674,7103,33.33,17.385,78.4867
2021-05-24,Hyderabad,16737,12628,480,66948,4096,25.0,17.385,78.4867
2021-05-25,Hyderabad,16258,12386,444,81290,9415,20.0,17.385,78.4867
2021-05-26,Hyderabad,14887,10474,291,59548,5524,25.0,17.385,78.4867
2021-05-27,Hyderabad,17131,15524,441,51393,9671,33.33,17.385,78.4867
2021-05-28,Hyderabad,16021,13389,279,80105,1924,20.0,17.385,78.4867
2021-05-29,Hyderabad,16838,12474,230,50514,9226,33.33,17.385,78.4867
2021-05-30,Hyderabad,16087,12860,325,80435,4138,20.0,17.385,78.4867
2021-05-31,Hyderabad,15571,11953,216,77855,7019,20.0,17.385,78.4867
2021-06-01,Hyderabad,16382,11721,187,81910,6452,20.0,17.385,78.4867
2021-06-02,Hyderabad,16724,14039,488,50172,7470,33.33,17.385,78.4867
2021-06-03,Hyderabad,16730,14964,442,66920,7256,25.0,17.385,78.4867
2021-06-04,Hyderabad,16688,13563,277,66752,6831,25.0,17.385,78.4867
2021-06-05,Hyderabad,14973,11117,187,59892,4917,25.0,17.385,78.4867
2021-06-06,Hyderabad,15087,11911,449,75435,6649,20.0,17.385,78.4867
2021-06-07,Hyderabad,15832,11443,248,79160,2342,20.0,17.385,78.4867
2021-06-08,Hyderabad,16132,11515,268,80660,7280,20.0,17.385,78.4867
2021-06-09,Hyderabad,16947,14629,365,67788,6089,25.0,17.385,78.4867
2021-06-10,Hyderabad,16699,15683,367,83495,3653,20.0,17.385,78.4867
2021-06-11,Hyderabad,17144,13016,204,68576,9558,25.0,17.385,78.4867
2021-06-12,Hyderabad,15757,13344,192,78785,5683,20.0,17.385,78.4867
2021-06-13,Hyderabad,15162,12270,341,75810,4786,20.0,17.385,78.4867
2021-06-14,Hyderabad,15838,15016,234,63352,5658,25.0,17.385,78.4867
2021-06-15,Hyderabad,16541,14930,255,82705,2312,20.0,17.385,78.4867
2021-06-16,Hyderabad,16231,14624,443,48693,8204,33.33,17.385,78.4867
2021-06-17,Hyderabad,17125,15798,394,68500,2366,25.0,17.385,78.4867
2021-06-18,Hyderabad,15687,14889,199,78435,5539,20.0,17.385,78.4867
2021-06-19,Hyderabad,15352,11256,202,76760,3261,20.0,17.385,78.4867
2021-06-20,Hyderabad,14752,11927,185,44256,5758,33.33,17.385,78.4867
2021-06-21,Hyderabad,15294,13264,300,76470,2375,20.0,17.385,78.4867
2021-06-22,Hyderabad,15849,14813,269,79245,4296,20.0,17.385,78.4867
2021-06-23,Hyderabad,16608,13584,349,49824,3987,33.33,17.385,78.4867
2021-06-24,Hyderabad,16157,11589,428,80785,1681,20.0,17.385,78.4867
2021-06-25,Hyderabad,15826,14165,336,63304,5340,25.0,17.385,78.4867
2021-06-26,Hyderabad,16824,13511,234,50472,7772,33.33,17.385,78.4867
2021-06-27,Hyderabad,16295,13847,330,48885,9488,33.33,17.385,78.4867
2021-06-28,Hyderabad,16849,15619,250,67396,7060,25.0,17.385,78.4867
2021-06-29,Hyderabad,15766,13341,454,78830,9052,20.0,17.385,78.4867
2021-06-30,Hyderabad,16046,11476,170,48138,8036,33.33,17.385,78.4867
2021-07-01,Hyderabad,17059,14164,476,51177,3476,33.33,17.385,78.4867
2021-07-02,Hyderabad,15175,11084,330,60700,1220,25.0,17.385,78.4867
2021-07-03,Hyderabad,16606,14980,369,66424,6618,25.0,17.385,78.4867
2021-07-04,Hyderabad,16332,12769,217,81660,6521,20.0,17.385,78.4867
2021-07-05,Hyderabad,15012,12591,326,60048,8237,25.0,17.385,78.4867
2021-07-06,Hyderabad,16555,15030,224,82775,2001,20.0,17.385,78.4867
2021-07-07,Hyderabad,15701,13024,224,47103,1478,33.33,17.385,78.4867
2021-07-08,Hyderabad,16730,13331,456,50190,7297,33.33,17.385,78.4867
2021-07-09,Hyderabad,16079,12324,267,48237,8987,33.33,17.385,78.4867
2021-07-10,Hyderabad,15760,12838,335,63040,1622,25.0,17.385,78.4867
2021-07-11,Hyderabad,15605,13794,221,46815,1066,33.33,17.385,78.4867
2021-07-12,Hyderabad,14858,11258,415,44574,6730,33.33,17.385,78.4867
2021-07-13,Hyderabad,15855,13080,372,63420,8675,25.0,17.385,78.4867
2021-07-14,Hyderabad,14740,13118,239,73700,2174,20.0,17.385,78.4867
2021-07-15,Hyderabad,14846,13681,193,74230,8601,20.0,17.385,78.4867
2021-07-16,Hyderabad,15455,12339,194,61820,4084,25.0,17.385,78.4867
2021-07-17,Hyderabad,16325,13774,230,65300,3933,25.0,17.385,78.4867
2021-07-18,Hyderabad,15883,13643,285,79415,1893,20.0,17.385,78.4867
2021-07-19,Hyderabad,16058,14940,421,48174,3371,33.33,17.385,78.4867
2021-07-20,Hyderabad,14884,11623,376,59536,8088,25.0,17.385,78.4867
2021-07-21,Hyderabad,16158,15173,283,80790,2167,20.0,17.385,78.4867
2021-07-22,Hyderabad,14778,11332,387,59112,7738,25.0,17.385,78.4867
2021-07-23,Hyderabad,16245,13588,463,81225,7691,20.0,17.385,78.4867
2021-07-24,Hyderabad,15185,13250,438,45555,4197,33.33,17.385,78.4867
2021-07-25,Hyderabad,16612,11851,388,83060,8037,20.0,17.385,78.4867
2021-07-26,Hyderabad,15975,14387,434,63900,8090,25.0,17.385,78.4867
2021-07-27,Hyderabad,15355,12010,356,61420,5922,25.0,17.385,78.4867
2021-07-28,Hyderabad,16019,14702,252,64076,6178,25.0,17.385,78.4867
2021-07-29,Hyderabad,16018,11739,386,80090,2335,20.0,17.385,78.4867
2021-07-30,Hyderabad,15375,13164,350,46125,1615,33.33,17.385,78.4867
2021-07-31,Hyderabad,16210,14254,316,64840,5267,25.0,17.385,78.4867
2021-08-01,Hyderabad,15814,14376,331,63256,6603,25.0,17.385,78.4867
2021-08-02,Hyderabad,16880,13972,372,84400,2412,20.0,17.385,78.4867
2021-08-03,Hyderabad,16251,14746,393,65004,9802,25.0,17.385,78.4867
2021-08-04,Hyderabad,14783,12080,356,44349,3939,33.33,17.385,78.4867
2021-08-05,Hyderabad,15715,11547,349,62860,5813,25.0,17.385,78.4867
2021-08-06,Hyderabad,16026,11502,272,64104,7947,25.0,17.385,78.4867
2021-08-07,Hyderabad,16962,13020,254,84810,6068,20.0,17.385,78.4867
2021-08-08,Hyderabad,16052,11767,474,48156,2907,33.33,17.385,78.4867
2021-08-09,Hyderabad,15420,11647,171,77100,8265,20.0,17.385,78.4867
2021-08-10,Hyderabad,15773,12778,435,78865,4775,20.0,17.385,78.4867
2021-08-11,Hyderabad,15588,11450,462,62352,5435,25.0,17.385,78.4867
2021-08-12,Hyderabad,15424,13949,430,61696,3681,25.0,17.385,78.4867
2021-08-13,Hyderabad,15606,12711,236,62424,1596,25.0,17.385,78.4867
2021-08-14,Hyderabad,16626,12971,364,83130,7468,20.0,17.385,78.4867
2021-08-15,Hyderabad,17163,13494,190,51489,7852,33.33,17.385,78.4867
2021-08-16,Hyderabad,16117,12166,161,64468,8893,25.0,17.385,78.4867
2021-08-17,Hyderabad,16130,14326,397,48390,8104,33.33,17.385,78.4867
2021-08-18,Hyderabad,15562,12568,192,46686,4153,33.33,17.385,78.4867
2021-08-19,Hyderabad,16374,14507,396,65496,2128,25.0,17.385,78.4867
2021-08-20,Hyderabad,14895,13844,181,59580,6718,25.0,17.385,78.4867
2021-08-21,Hyderabad,16573,12387,178,49719,3741,33.33,17.385,78.4867
2021-08-22,Hyderabad,16828,13648,395,67312,7801,25.0,17.385,78.4867
2021-08-23,Hyderabad,15586,13527,165,62344,4779,25.0,17.385,78.4867
2021-08-24,Hyderabad,16526,14906,271,82630,5565,20.0,17.385,78.4867
2021-08-25,Hyderabad,14860,13695,267,59440,3410,25.0,17.385,78.4867
2021-08-26,Hyderabad,16488,14453,278,82440,2867,20.0,17.385,78.4867
2021-08-27,Hyderabad,16675,11958,497,66700,1240,25.0,17.385,78.4867
2021-08-28,Hyderabad,15203,12685,208,60812,4768,25.0,17.385,78.4867
2021-05-01,Pune,13752,10875,258,68760,3173,20.0,18.5204,73.8567
2021-05-02,Pune,14664,11475,177,73320,8325,20.0,18.5204,73.8567
2021-05-03,Pune,15301,13422,457,61204,5493,25.0,18.5204,73.8567
2021-05-04,Pune,14126,12869,399,70630,2910,20.0,18.5204,73.8567
2021-05-05,Pune,14647,13583,202,43941,3757,33.33,18.5204,73.8567
2021-05-06,Pune,15098,11217,294,45294,9683,33.33,18.5204,73.8567
2021-05-07,Pune,13202,10835,188,39606,1585,33.33,18.5204,73.8567
2021-05-08,Pune,14869,13788,392,74345,4462,20.0,18.5204,73.8567
2021-05-09,Pune,15297,11812,268,61188,9518,25.0,18.5204,73.8567
2021-05-10,Pune,13749,12000,183,41247,2104,33.33,18.5204,73.8567
2021-05-11,Pune,15003,12957,273,45009,1437,33.33,18.5204,73.8567
2021-05-12,Pune,13892,11624,163,55568,1901,25.0,18.5204,73.8567
2021-05-13,Pune,15234,11372,442,45702,4918,33.33,18.5204,73.8567
2021-05-14,Pune,14209,13390,350,42627,9758,33.33,18.5204,73.8567
2021-05-15,Pune,13845,10092,333,55380,2590,25.0,18.5204,73.8567
2021-05-16,Pune,15055,10947,446,75275,4791,20.0,18.5204,73.8567
2021-05-17,Pune,14499,11882,367,72495,3460,20.0,18.5204,73.8567
2021-05-18,Pune,13687,11121,282,68435,8481,20.0,18.5204,73.8567
2021-05-19,Pune,15221,13305,433,45663,4644,33.33,18.5204,73.8567
2021-05-20,Pune,15459,13416,440,61836,3630,25.0,18.5204,73.8567
2021-05-21,Pune,13367,11658,281,40101,5078,33.33,18.5204,73.8567
2021-05-22,Pune,14847,12487,425,44541,7175,33.33,18.5204,73.8567
2021-05-23,Pune,13715,12425,193,54860,5593,25.0,18.5204,73.8567
2021-05-24,Pune,14607,10882,178,73035,4672,20.0,18.5204,73.8567
2021-05-25,Pune,15633,11042,372,46899,7858,33.33,18.5204,73.8567
2021-05-26,Pune,15263,13451,262,45789,4237,33.33,18.5204,73.8567
2021-05-27,Pune,13182,9492,170,39546,5823,33.33,18.5204,73.8567
2021-05-28,Pune,15418,14064,276,61672,8127,25.0,18.5204,73.8567
2021-05-29,Pune,14438,10690,423,57752,2738,25.0,18.5204,73.8567
2021-05-30,Pune,14506,12136,401,58024,9044,25.0,18.5204,73.8567
2021-05-31,Pune,14054,10524,187,42162,1556,33.33,18.5204,73.8567
2021-06-01,Pune,14247,10689,396,42741,9926,33.33,18.5204,73.8567
2021-06-02,Pune,15321,14371,379,76605,7250,20.0,18.5204,73.8567
2021-06-03,Pune,15454,12031,308,46362,5626,33.33,18.5204,73.8567
2021-06-04,Pune,15113,12420,360,60452,7481,25.0,18.5204,73.8567
2021-06-05,Pune,14645,12042,249,58580,1786,25.0,18.5204,73.8567
2021-06-06,Pune,13414,10393,249,67070,9834,20.0,18.5204,73.8567
2021-06-07,Pune,15040,13522,400,45120,4701,33.33,18.5204,73.8567
2021-06-08,Pune,14940,11724,312,44820,7965,33.33,18.5204,73.8567
2021-06-09,Pune,14995,12168,155,59980,3511,25.0,18.5204,73.8567
2021-06-10,Pune,13285,10795,331,53140,7031,25.0,18.5204,73.8567
2021-06-11,Pune,13289,9921,332,66445,3713,20.0,18.5204,73.8567
2021-06-12,Pune,13231,11234,260,39693,1300,33.33,18.5204,73.8567
2021-06-13,Pune,13865,10454,406,41595,3506,33.33,18.5204,73.8567
2021-06-14,Pune,14679,11842,286,58716,9747,25.0,18.5204,73.8567
2021-06-15,Pune,15094,13234,227,60376,8067,25.0,18.5204,73.8567
2021-06-16,Pune,14137,10085,147,70685,4276,20.0,18.5204,73.8567
2021-06-17,Pune,15493,12977,202,77465,7701,20.0,18.5204,73.8567
2021-06-18,Pune,14040,11556,337,56160,3831,25.0,18.5204,73.8567
2021-06-19,Pune,14674,12163,292,58696,4089,25.0,18.5204,73.8567
2021-06-20,Pune,13665,12442,304,40995,4122,33.33,18.5204,73.8567
2021-06-21,Pune,14236,11942,308,71180,7500,20.0,18.5204,73.8567
2021-06-22,Pune,13957,11012,329,69785,2410,20.0,18.5204,73.8567
2021-06-23,Pune,13519,11963,348,40557,4342,33.33,18.5204,73.8567
2021-06-24,Pune,14552,10901,207,43656,2172,33.33,18.5204,73.8567
2021-06-25,Pune,14030,11784,381,42090,9738,33.33,18.5204,73.8567
2021-06-26,Pune,13772,12921,335,55088,1363,25.0,18.5204,73.8567
2021-06-27,Pune,15308,11706,169,61232,2936,25.0,18.5204,73.8567
2021-06-28,Pune,14822,13309,388,44466,7923,33.33,18.5204,73.8567
2021-06-29,Pune,14012,11912,186,56048,6204,25.0,18.5204,73.8567
2021-06-30,Pune,13355,12347,289,66775,1641,20.0,18.5204,73.8567
2021-07-01,Pune,14246,12540,194,42738,4518,33.33,18.5204,73.8567
2021-07-02,Pune,14167,11789,236,42501,1739,33.33,18.5204,73.8567
2021-07-03,Pune,14687,13266,222,44061,5555,33.33,18.5204,73.8567
2021-07-04,Pune,15442,13350,289,46326,4732,33.33,18.5204,73.8567
2021-07-05,Pune,15425,12135,442,77125,6413,20.0,18.5204,73.8567
2021-07-06,Pune,14411,13195,235,57644,9569,25.0,18.5204,73.8567
2021-07-07,Pune,14822,12685,166,74110,9084,20.0,18.5204,73.8567
2021-07-08,Pune,14413,10736,225,72065,3007,20.0,18.5204,73.8567
2021-07-09,Pune,13942,11255,160,41826,1755,33.33,18.5204,73.8567
2021-07-10,Pune,15541,14164,190,62164,9301,25.0,18.5204,73.8567
2021-07-11,Pune,14158,12631,159,56632,9216,25.0,18.5204,73.8567
2021-07-12,Pune,13984,12557,252,55936,9534,25.0,18.5204,73.8567
2021-07-13,Pune,13618,11980,285,40854,7401,33.33,18.5204,73.8567
2021-07-14,Pune,13671,9913,244,68355,5530,20.0,18.5204,73.8567
2021-07-15,Pune,14023,11029,323,56092,3135,25.0,18.5204,73.8567
2021-07-16,Pune,14707,11643,176,44121,1138,33.33,18.5204,73.8567
2021-07-17,Pune,13335,12568,364,66675,5620,20.0,18.5204,73.8567
2021-07-18,Pune,14766,11389,333,44298,5957,33.33,18.5204,73.8567
2021-07-19,Pune,14095,12536,220,42285,5887,33.33,18.5204,73.8567
2021-07-20,Pune,13687,9773,269,41061,1004,33.33,18.5204,73.8567
2021-07-21,Pune,14579,10438,238,72895,7233,20.0,18.5204,73.8567
2021-07-22,Pune,14415,12799,405,57660,6092,25.0,18.5204,73.8567
2021-07-23,Pune,15068,14060,324,75340,9445,20.0,18.5204,73.8567
2021-07-24,Pune,14353,12925,189,43059,6636,33.33,18.5204,73.8567
2021-07-25,Pune,14334,10504,232,57336,1759,25.0,18.5204,73.8567
2021-07-26,Pune,14940,13298,351,74700,6262,20.0,18.5204,73.8567
2021-07-27,Pune,15018,11913,212,60072,5516,25.0,18.5204,73.8567
2021-07-28,Pune,14386,11689,216,43158,5314,33.33,18.5204,73.8567
2021-07-29,Pune,14652,11022,184,58608,9446,25.0,18.5204,73.8567
2021-07-30,Pune,13209,12015,345,52836,9075,25.0,18.5204,73.8567
2021-07-31,Pune,14767,13351,409,44301,4908,33.33,18.5204,73.8567
2021-08-01,Pune,13425,12181,170,53700,2868,25.0,18.5204,73.8567
2021-08-02,Pune,14530,12628,250,58120,9613,25.0,18.5204,73.8567
2021-08-03,Pune,14346,11233,344,43038,9959,33.33,18.5204,73.8567
2021-08-04,Pune,15496,11640,402,61984,3446,25.0,18.5204,73.8567
2021-08-05,Pune,14938,11947,221,59752,6515,25.0,18.5204,73.8567
2021-08-06,Pune,14155,13386,323,42465,5310,33.33,18.5204,73.8567
2021-08-07,Pune,14585,12502,332,43755,5753,33.33,18.5204,73.8567
2021-08-08,Pune,14675,11075,242,44025,2997,33.33,18.5204,73.8567
2021-08-09,Pune,13913,11440,176,55652,4407,25.0,18.5204,73.8567
2021-08-10,Pune,14007,11465,187,56028,8952,25.0,18.5204,73.8567
2021-08-11,Pune,15557,14600,424,62228,6289,25.0,18.5204,73.8567
2021-08-12,Pune,13702,10752,355,41106,1835,33.33,18.5204,73.8567
2021-08-13,Pune,15388,11758,441,76940,3429,20.0,18.5204,73.8567
2021-08-14,Pune,14132,11686,353,70660,6930,20.0,18.5204,73.8567
2021-08-15,Pune,13830,12160,299,69150,6580,20.0,18.5204,73.8567
2021-08-16,Pune,14101,10910,275,70505,7997,20.0,18.5204,73.8567
2021-08-17,Pune,14279,13075,280,42837,9779,33.33,18.5204,73.8567
2021-08-18,Pune,14476,10243,355,72380,8865,20.0,18.5204,73.8567
2021-08-19,Pune,13348,12088,216,40044,4057,33.33,18.5204,73.8567
2021-08-20,Pune,15226,13923,245,60904,7349,25.0,18.5204,73.8567
2021-08-21,Pune,13203,10936,320,66015,1364,20.0,18.5204,73.8567
2021-08-22,Pune,15617,11225,273,62468,7468,25.0,18.5204,73.8567
2021-08-23,Pune,13196,12497,260,39588,1452,33.33,18.5204,73.8567
2021-08-24,Pune,15583,11900,265,77915,8572,20.0,18.5204,73.8567
2021-08-25,Pune,15581,11392,455,62324,9276,25.0,18.5204,73.8567
2021-08-26,Pune,14195,10076,148,42585,4129,33.33,18.5204,73.8567
2021-08-27,Pune,14843,12086,234,59372,6111,25.0,18.5204,73.8567
2021-08-28,Pune,13587,10981,281,54348,7238,25.0,18.5204,73.8567
