city,state,date,confirmed,deaths,recovered,lat,lon
Delhi,Delhi,2020-01-01,546,6,444,28.7041,77.1025
Delhi,Delhi,2020-01-08,788,10,641,28.7041,77.1025
Delhi,Delhi,2020-01-15,1173,12,977,28.7041,77.1025
Delhi,Delhi,2020-01-22,1765,21,1522,28.7041,77.1025
Delhi,Delhi,2020-01-29,1953,23,1676,28.7041,77.1025
Delhi,Delhi,2020-02-05,2349,26,2040,28.7041,77.1025
Delhi,Delhi,2020-02-12,2875,33,2530,28.7041,77.1025
Delhi,Delhi,2020-02-19,3214,39,2811,28.7041,77.1025
Delhi,Delhi,2020-02-26,4051,47,3527,28.7041,77.1025
Delhi,Delhi,2020-03-04,4559,51,3902,28.7041,77.1025
Delhi,Delhi,2020-03-11,5154,62,4365,28.7041,77.1025
Delhi,Delhi,2020-03-18,5585,68,4736,28.7041,77.1025
Delhi,Delhi,2020-03-25,6134,76,5139,28.7041,77.1025
Delhi,Delhi,2020-04-01,6482,79,5449,28.7041,77.1025
Delhi,Delhi,2020-04-08,6899,81,5802,28.7041,77.1025
Delhi,Delhi,2020-04-15,7514,93,6384,28.7041,77.1025
Delhi,Delhi,2020-04-22,7592,94,6439,28.7041,77.1025
Delhi,Delhi,2020-04-29,8277,105,7068,28.7041,77.1025
Delhi,Delhi,2020-05-06,8679,112,7449,28.7041,77.1025
Delhi,Delhi,2020-05-13,8679,112,7449,28.7041,77.1025
Delhi,Delhi,2020-05-20,8854,115,7596,28.7041,77.1025
Delhi,Delhi,2020-05-27,8992,116,7693,28.7041,77.1025
Delhi,Delhi,2020-06-03,9564,122,8162,28.7041,77.1025
Delhi,Delhi,2020-06-10,9721,123,8275,28.7041,77.1025
Delhi,Delhi,2020-06-17,10223,128,8660,28.7041,77.1025
Delhi,Delhi,2020-06-24,10963,142,9288,28.7041,77.1025
Delhi,Delhi,2020-07-01,11498,146,9765,28.7041,77.1025
Delhi,Delhi,2020-07-08,11964,148,10146,28.7041,77.1025
Delhi,Delhi,2020-07-15,12765,159,10736,28.7041,77.1025
Delhi,Delhi,2020-07-22,13408,170,11246,28.7041,77.1025
Delhi,Delhi,2020-07-29,13945,180,11643,28.7041,77.1025
Delhi,Delhi,2020-08-05,14367,188,12021,28.7041,77.1025
Delhi,Delhi,2020-08-12,14851,191,12451,28.7041,77.1025
Delhi,Delhi,2020-08-19,15164,193,12685,28.7041,77.1025
Delhi,Delhi,2020-08-26,15650,196,13134,28.7041,77.1025
Delhi,Delhi,2020-09-02,16251,202,13702,28.7041,77.1025
Delhi,Delhi,2020-09-09,16851,206,14181,28.7041,77.1025
Delhi,Delhi,2020-09-16,17279,211,14545,28.7041,77.1025
Delhi,Delhi,2020-09-23,17801,216,14966,28.7041,77.1025
Delhi,Delhi,2020-09-30,18323,226,15388,28.7041,77.1025
Delhi,Delhi,2020-10-07,18815,229,15744,28.7041,77.1025
Delhi,Delhi,2020-10-14,19436,239,16225,28.7041,77.1025
Delhi,Delhi,2020-10-21,19438,239,16226,28.7041,77.1025
Delhi,Delhi,2020-10-28,19915,247,16618,28.7041,77.1025
Delhi,Delhi,2020-11-04,20406,251,16963,28.7041,77.1025
Delhi,Delhi,2020-11-11,21056,263,17422,28.7041,77.1025
Delhi,Delhi,2020-11-18,21703,274,17953,28.7041,77.1025
Delhi,Delhi,2020-11-25,22495,288,18649,28.7041,77.1025
Delhi,Delhi,2020-12-02,22996,295,19088,28.7041,77.1025
Delhi,Delhi,2020-12-09,23619,303,19670,28.7041,77.1025
Delhi,Delhi,2020-12-16,24126,307,20072,28.7041,77.1025
Delhi,Delhi,2020-12-23,24551,311,20375,28.7041,77.1025
Delhi,Delhi,2020-12-30,25233,321,20983,28.7041,77.1025
Delhi,Delhi,2021-01-06,25848,324,21517,28.7041,77.1025
Delhi,Delhi,2021-01-13,26201,328,21774,28.7041,77.1025
Delhi,Delhi,2021-01-20,26330,329,21883,28.7041,77.1025
Delhi,Delhi,2021-01-27,26977,334,22347,28.7041,77.1025
Delhi,Delhi,2021-02-03,27427,339,22674,28.7041,77.1025
Delhi,Delhi,2021-02-10,28067,347,23129,28.7041,77.1025
Delhi,Delhi,2021-02-17,28958,355,23805,28.7041,77.1025
Delhi,Delhi,2021-02-24,29439,357,24191,28.7041,77.1025
Delhi,Delhi,2021-03-03,30028,361,24641,28.7041,77.1025
Delhi,Delhi,2021-03-10,30508,370,24986,28.7041,77.1025
Delhi,Delhi,2021-03-17,31404,385,25738,28.7041,77.1025
Delhi,Delhi,2021-03-24,32138,391,26391,28.7041,77.1025
Delhi,Delhi,2021-03-31,32673,396,26843,28.7041,77.1025
Delhi,Delhi,2021-04-07,33302,406,27296,28.7041,77.1025
Delhi,Delhi,2021-04-14,33905,409,27787,28.7041,77.1025
Delhi,Delhi,2021-04-21,34674,417,28495,28.7041,77.1025
Delhi,Delhi,2021-04-28,35345,421,29094,28.7041,77.1025
Delhi,Delhi,2021-05-05,35973,429,29565,28.7041,77.1025
Delhi,Delhi,2021-05-12,36454,434,29974,28.7041,77.1025
Delhi,Delhi,2021-05-19,36797,437,30252,28.7041,77.1025
Delhi,Delhi,2021-05-26,37365,440,30781,28.7041,77.1025
Delhi,Delhi,2021-06-02,37800,445,31100,28.7041,77.1025
Delhi,Delhi,2021-06-09,38097,446,31329,28.7041,77.1025
Delhi,Delhi,2021-06-16,38494,451,31648,28.7041,77.1025
Delhi,Delhi,2021-06-23,39189,461,32218,28.7041,77.1025
Delhi,Delhi,2021-06-30,39525,465,32460,28.7041,77.1025
Delhi,Delhi,2021-07-07,40098,474,32904,28.7041,77.1025
Delhi,Delhi,2021-07-14,40555,481,33299,28.7041,77.1025
Delhi,Delhi,2021-07-21,40927,484,33583,28.7041,77.1025
Delhi,Delhi,2021-07-28,41506,489,34116,28.7041,77.1025
Delhi,Delhi,2021-08-04,41762,491,34357,28.7041,77.1025
Delhi,Delhi,2021-08-11,42399,501,34837,28.7041,77.1025
Delhi,Delhi,2021-08-18,42855,505,35203,28.7041,77.1025
Delhi,Delhi,2021-08-25,43338,510,35555,28.7041,77.1025
Delhi,Delhi,2021-09-01,43899,513,36051,28.7041,77.1025
Delhi,Delhi,2021-09-08,44490,519,36578,28.7041,77.1025
Delhi,Delhi,2021-09-15,45166,528,37201,28.7041,77.1025
Delhi,Delhi,2021-09-22,45569,532,37574,28.7041,77.1025
Delhi,Delhi,2021-09-29,46136,541,37998,28.7041,77.1025
Delhi,Delhi,2021-10-06,46496,543,38299,28.7041,77.1025
Delhi,Delhi,2021-10-13,47163,549,38800,28.7041,77.1025
Delhi,Delhi,2021-10-20,47767,555,39303,28.7041,77.1025
Delhi,Delhi,2021-10-27,48313,563,39791,28.7041,77.1025
Delhi,Delhi,2021-11-03,48954,571,40356,28.7041,77.1025
Delhi,Delhi,2021-11-10,49632,582,40836,28.7041,77.1025
Delhi,Delhi,2021-11-17,50125,589,41225,28.7041,77.1025
Delhi,Delhi,2021-11-24,50557,597,41582,28.7041,77.1025
Delhi,Delhi,2021-12-01,50805,599,41816,28.7041,77.1025
Delhi,Delhi,2021-12-08,51502,611,42313,28.7041,77.1025
Delhi,Delhi,2021-12-15,51968,619,42674,28.7041,77.1025
Delhi,Delhi,2021-12-22,52544,623,43113,28.7041,77.1025
Delhi,Delhi,2021-12-29,53036,632,43501,28.7041,77.1025
Mumbai,Maharashtra,2020-01-01,604,5,431,19.076,72.8777
Mumbai,Maharashtra,2020-01-08,1096,13,797,19.076,72.8777
Mumbai,Maharashtra,2020-01-15,1855,21,1330,19.076,72.8777
Mumbai,Maharashtra,2020-01-22,2234,25,1679,19.076,72.8777
Mumbai,Maharashtra,2020-01-29,2747,32,2095,19.076,72.8777
Mumbai,Maharashtra,2020-02-05,3319,41,2519,19.076,72.8777
Mumbai,Maharashtra,2020-02-12,4170,46,3162,19.076,72.8777
Mumbai,Maharashtra,2020-02-19,4596,51,3538,19.076,72.8777
Mumbai,Maharashtra,2020-02-26,5340,65,4096,19.076,72.8777
Mumbai,Maharashtra,2020-03-04,6138,70,4777,19.076,72.8777
Mumbai,Maharashtra,2020-03-11,6787,73,5331,19.076,72.8777
Mumbai,Maharashtra,2020-03-18,7489,84,5993,19.076,72.8777
Mumbai,Maharashtra,2020-03-25,8087,89,6559,19.076,72.8777
Mumbai,Maharashtra,2020-04-01,8482,92,6885,19.076,72.8777
Mumbai,Maharashtra,2020-04-08,9396,105,7663,19.076,72.8777
Mumbai,Maharashtra,2020-04-15,9994,109,8180,19.076,72.8777
Mumbai,Maharashtra,2020-04-22,10642,113,8640,19.076,72.8777
Mumbai,Maharashtra,2020-04-29,10660,113,8656,19.076,72.8777
Mumbai,Maharashtra,2020-05-06,10875,115,8825,19.076,72.8777
Mumbai,Maharashtra,2020-05-13,11543,124,9447,19.076,72.8777
Mumbai,Maharashtra,2020-05-20,12015,132,9787,19.076,72.8777
Mumbai,Maharashtra,2020-05-27,12416,136,10076,19.076,72.8777
Mumbai,Maharashtra,2020-06-03,13198,149,10720,19.076,72.8777
Mumbai,Maharashtra,2020-06-10,13781,157,11194,19.076,72.8777
Mumbai,Maharashtra,2020-06-17,13940,159,11306,19.076,72.8777
Mumbai,Maharashtra,2020-06-24,14586,165,11772,19.076,72.8777
Mumbai,Maharashtra,2020-07-01,15381,176,12514,19.076,72.8777
Mumbai,Maharashtra,2020-07-08,15934,182,13032,19.076,72.8777
Mumbai,Maharashtra,2020-07-15,16427,187,13498,19.076,72.8777
Mumbai,Maharashtra,2020-07-22,17123,192,14151,19.076,72.8777
Mumbai,Maharashtra,2020-07-29,17524,197,14472,19.076,72.8777
Mumbai,Maharashtra,2020-08-05,18117,202,15021,19.076,72.8777
Mumbai,Maharashtra,2020-08-12,18501,209,15349,19.076,72.8777
Mumbai,Maharashtra,2020-08-19,19288,221,16081,19.076,72.8777
Mumbai,Maharashtra,2020-08-26,19761,224,16507,19.076,72.8777
Mumbai,Maharashtra,2020-09-02,20191,226,16880,19.076,72.8777
Mumbai,Maharashtra,2020-09-09,20982,234,17473,19.076,72.8777
Mumbai,Maharashtra,2020-09-16,21339,237,17757,19.076,72.8777
Mumbai,Maharashtra,2020-09-23,21772,240,18064,19.076,72.8777
Mumbai,Maharashtra,2020-09-30,22010,242,18266,19.076,72.8777
Mumbai,Maharashtra,2020-10-07,22652,250,18770,19.076,72.8777
Mumbai,Maharashtra,2020-10-14,22847,251,18933,19.076,72.8777
Mumbai,Maharashtra,2020-10-21,23216,256,19248,19.076,72.8777
Mumbai,Maharashtra,2020-10-28,23677,259,19602,19.076,72.8777
Mumbai,Maharashtra,2020-11-04,24104,265,19973,19.076,72.8777
Mumbai,Maharashtra,2020-11-11,24698,271,20531,19.076,72.8777
Mumbai,Maharashtra,2020-11-18,24930,273,20720,19.076,72.8777
Mumbai,Maharashtra,2020-11-25,25215,277,20945,19.076,72.8777
Mumbai,Maharashtra,2020-12-02,25744,281,21342,19.076,72.8777
Mumbai,Maharashtra,2020-12-09,26311,288,21820,19.076,72.8777
Mumbai,Maharashtra,2020-12-16,26556,289,22025,19.076,72.8777
Mumbai,Maharashtra,2020-12-23,27042,292,22470,19.076,72.8777
Mumbai,Maharashtra,2020-12-30,27703,297,23061,19.076,72.8777
Mumbai,Maharashtra,2021-01-06,28536,313,23823,19.076,72.8777
Mumbai,Maharashtra,2021-01-13,28950,315,24149,19.076,72.8777
Mumbai,Maharashtra,2021-01-20,29206,317,24392,19.076,72.8777
Mumbai,Maharashtra,2021-01-27,29992,330,25017,19.076,72.8777
Mumbai,Maharashtra,2021-02-03,30352,333,25292,19.076,72.8777
Mumbai,Maharashtra,2021-02-10,30799,340,25673,19.076,72.8777
Mumbai,Maharashtra,2021-02-17,31478,350,26217,19.076,72.8777
Mumbai,Maharashtra,2021-02-24,31921,356,26572,19.076,72.8777
Mumbai,Maharashtra,2021-03-03,32579,359,27114,19.076,72.8777
Mumbai,Maharashtra,2021-03-10,33197,363,27692,19.076,72.8777
Mumbai,Maharashtra,2021-03-17,33627,367,28084,19.076,72.8777
Mumbai,Maharashtra,2021-03-24,34328,372,28609,19.076,72.8777
Mumbai,Maharashtra,2021-03-31,35163,379,29234,19.076,72.8777
Mumbai,Maharashtra,2021-04-07,35642,386,29604,19.076,72.8777
Mumbai,Maharashtra,2021-04-14,36215,393,30058,19.076,72.8777
Mumbai,Maharashtra,2021-04-21,36514,398,30337,19.076,72.8777
Mumbai,Maharashtra,2021-04-28,37140,409,30929,19.076,72.8777
Mumbai,Maharashtra,2021-05-05,37557,411,31269,19.076,72.8777
Mumbai,Maharashtra,2021-05-12,38320,421,31972,19.076,72.8777
Mumbai,Maharashtra,2021-05-19,38733,425,32314,19.076,72.8777
Mumbai,Maharashtra,2021-05-26,39584,438,33051,19.076,72.8777
Mumbai,Maharashtra,2021-06-02,40220,446,33608,19.076,72.8777
Mumbai,Maharashtra,2021-06-09,40934,450,34173,19.076,72.8777
Mumbai,Maharashtra,2021-06-16,41721,460,34874,19.076,72.8777
Mumbai,Maharashtra,2021-06-23,42593,471,35618,19.076,72.8777
Mumbai,Maharashtra,2021-06-30,43201,474,36119,19.076,72.8777
Mumbai,Maharashtra,2021-07-07,43605,476,36421,19.076,72.8777
Mumbai,Maharashtra,2021-07-14,43875,480,36637,19.076,72.8777
Mumbai,Maharashtra,2021-07-21,44772,493,37395,19.076,72.8777
Mumbai,Maharashtra,2021-07-28,45504,500,38073,19.076,72.8777
Mumbai,Maharashtra,2021-08-04,45767,503,38279,19.076,72.8777
Mumbai,Maharashtra,2021-08-11,46313,510,38731,19.076,72.8777
Mumbai,Maharashtra,2021-08-18,47125,524,39392,19.076,72.8777
Mumbai,Maharashtra,2021-08-25,47503,530,39705,19.076,72.8777
Mumbai,Maharashtra,2021-09-01,47884,532,40004,19.076,72.8777
Mumbai,Maharashtra,2021-09-08,48606,543,40561,19.076,72.8777
Mumbai,Maharashtra,2021-09-15,48973,547,40862,19.076,72.8777
Mumbai,Maharashtra,2021-09-22,49664,553,41485,19.076,72.8777
Mumbai,Maharashtra,2021-09-29,50127,555,41828,19.076,72.8777
Mumbai,Maharashtra,2021-10-06,50406,558,42092,19.076,72.8777
Mumbai,Maharashtra,2021-10-13,50665,563,42282,19.076,72.8777
Mumbai,Maharashtra,2021-10-20,51242,573,42712,19.076,72.8777
Mumbai,Maharashtra,2021-10-27,51839,581,43190,19.076,72.8777
Mumbai,Maharashtra,2021-11-03,52039,582,43354,19.076,72.8777
Mumbai,Maharashtra,2021-11-10,52424,589,43653,19.076,72.8777
Mumbai,Maharashtra,2021-11-17,52425,589,43653,19.076,72.8777
Mumbai,Maharashtra,2021-11-24,52701,591,43880,19.076,72.8777
Mumbai,Maharashtra,2021-12-01,52948,593,44083,19.076,72.8777
Mumbai,Maharashtra,2021-12-08,53785,606,44696,19.076,72.8777
Mumbai,Maharashtra,2021-12-15,54275,612,45145,19.076,72.8777
Mumbai,Maharashtra,2021-12-22,54769,621,45595,19.076,72.8777
Mumbai,Maharashtra,2021-12-29,55201,628,45918,19.076,72.8777
Bengaluru,Karnataka,2020-01-01,402,3,362,12.9716,77.5946
Bengaluru,Karnataka,2020-01-08,595,4,537,12.9716,77.5946
Bengaluru,Karnataka,2020-01-15,1151,10,1058,12.9716,77.5946
Bengaluru,Karnataka,2020-01-22,1520,14,1374,12.9716,77.5946
Bengaluru,Karnataka,2020-01-29,2219,25,1979,12.9716,77.5946
Bengaluru,Karnataka,2020-02-05,2701,34,2365,12.9716,77.5946
Bengaluru,Karnataka,2020-02-12,3005,36,2600,12.9716,77.5946
Bengaluru,Karnataka,2020-02-19,3446,41,2998,12.9716,77.5946
Bengaluru,Karnataka,2020-02-26,3623,42,3148,12.9716,77.5946
Bengaluru,Karnataka,2020-03-04,4210,46,3615,12.9716,77.5946
Bengaluru,Karnataka,2020-03-11,5049,51,4366,12.9716,77.5946
Bengaluru,Karnataka,2020-03-18,5645,60,4852,12.9716,77.5946
Bengaluru,Karnataka,2020-03-25,6540,70,5579,12.9716,77.5946
Bengaluru,Karnataka,2020-04-01,7132,76,6106,12.9716,77.5946
Bengaluru,Karnataka,2020-04-08,7650,84,6558,12.9716,77.5946
Bengaluru,Karnataka,2020-04-15,8348,93,7059,12.9716,77.5946
Bengaluru,Karnataka,2020-04-22,8975,104,7531,12.9716,77.5946
Bengaluru,Karnataka,2020-04-29,9418,112,7869,12.9716,77.5946
Bengaluru,Karnataka,2020-05-06,9787,114,8216,12.9716,77.5946
Bengaluru,Karnataka,2020-05-13,10558,124,8874,12.9716,77.5946
Bengaluru,Karnataka,2020-05-20,10996,129,9185,12.9716,77.5946
Bengaluru,Karnataka,2020-05-27,11335,133,9473,12.9716,77.5946
Bengaluru,Karnataka,2020-06-03,11660,137,9781,12.9716,77.5946
Bengaluru,Karnataka,2020-06-10,12286,147,10276,12.9716,77.5946
Bengaluru,Karnataka,2020-06-17,12958,152,10852,12.9716,77.5946
Bengaluru,Karnataka,2020-06-24,13461,155,11240,12.9716,77.5946
Bengaluru,Karnataka,2020-07-01,14192,161,11884,12.9716,77.5946
Bengaluru,Karnataka,2020-07-08,14723,168,12381,12.9716,77.5946
Bengaluru,Karnataka,2020-07-15,15234,173,12824,12.9716,77.5946
Bengaluru,Karnataka,2020-07-22,15530,178,13068,12.9716,77.5946
Bengaluru,Karnataka,2020-07-29,15959,184,13372,12.9716,77.5946
Bengaluru,Karnataka,2020-08-05,16257,187,13597,12.9716,77.5946
Bengaluru,Karnataka,2020-08-12,16832,194,14124,12.9716,77.5946
Bengaluru,Karnataka,2020-08-19,17327,200,14532,12.9716,77.5946
Bengaluru,Karnataka,2020-08-26,17681,206,14792,12.9716,77.5946
Bengaluru,Karnataka,2020-09-02,18426,218,15423,12.9716,77.5946
Bengaluru,Karnataka,2020-09-09,18851,223,15824,12.9716,77.5946
Bengaluru,Karnataka,2020-09-16,19446,230,16250,12.9716,77.5946
Bengaluru,Karnataka,2020-09-23,20172,237,16776,12.9716,77.5946
Bengaluru,Karnataka,2020-09-30,20985,243,17384,12.9716,77.5946
Bengaluru,Karnataka,2020-10-07,21576,251,17920,12.9716,77.5946
Bengaluru,Karnataka,2020-10-14,22068,259,18373,12.9716,77.5946
Bengaluru,Karnataka,2020-10-21,22484,262,18709,12.9716,77.5946
Bengaluru,Karnataka,2020-10-28,23281,267,19276,12.9716,77.5946
Bengaluru,Karnataka,2020-11-04,23901,272,19801,12.9716,77.5946
Bengaluru,Karnataka,2020-11-11,24631,284,20473,12.9716,77.5946
Bengaluru,Karnataka,2020-11-18,24918,285,20688,12.9716,77.5946
Bengaluru,Karnataka,2020-11-25,25394,290,21108,12.9716,77.5946
Bengaluru,Karnataka,2020-12-02,25879,296,21523,12.9716,77.5946
Bengaluru,Karnataka,2020-12-09,26364,299,21955,12.9716,77.5946
Bengaluru,Karnataka,2020-12-16,27102,309,22505,12.9716,77.5946
Bengaluru,Karnataka,2020-12-23,27958,322,23237,12.9716,77.5946
Bengaluru,Karnataka,2020-12-30,28416,325,23580,12.9716,77.5946
Bengaluru,Karnataka,2021-01-06,28923,333,24053,12.9716,77.5946
Bengaluru,Karnataka,2021-01-13,29345,340,24440,12.9716,77.5946
Bengaluru,Karnataka,2021-01-20,30217,354,25257,12.9716,77.5946
Bengaluru,Karnataka,2021-01-27,30869,365,25762,12.9716,77.5946
Bengaluru,Karnataka,2021-02-03,32002,382,26704,12.9716,77.5946
Bengaluru,Karnataka,2021-02-10,32589,392,27202,12.9716,77.5946
Bengaluru,Karnataka,2021-02-17,33136,402,27640,12.9716,77.5946
Bengaluru,Karnataka,2021-02-24,33537,407,27996,12.9716,77.5946
Bengaluru,Karnataka,2021-03-03,34253,420,28559,12.9716,77.5946
Bengaluru,Karnataka,2021-03-10,34689,423,28876,12.9716,77.5946
Bengaluru,Karnataka,2021-03-17,35126,431,29199,12.9716,77.5946
Bengaluru,Karnataka,2021-03-24,36079,449,29999,12.9716,77.5946
Bengaluru,Karnataka,2021-03-31,36605,456,30414,12.9716,77.5946
Bengaluru,Karnataka,2021-04-07,37107,461,30844,12.9716,77.5946
Bengaluru,Karnataka,2021-04-14,37648,465,31320,12.9716,77.5946
Bengaluru,Karnataka,2021-04-21,38067,469,31659,12.9716,77.5946
Bengaluru,Karnataka,2021-04-28,38810,477,32189,12.9716,77.5946
Bengaluru,Karnataka,2021-05-05,39324,486,32669,12.9716,77.5946
Bengaluru,Karnataka,2021-05-12,39880,492,33113,12.9716,77.5946
Bengaluru,Karnataka,2021-05-19,40599,501,33751,12.9716,77.5946
Bengaluru,Karnataka,2021-05-26,40947,507,34038,12.9716,77.5946
Bengaluru,Karnataka,2021-06-02,41549,516,34576,12.9716,77.5946
Bengaluru,Karnataka,2021-06-09,41935,523,34942,12.9716,77.5946
Bengaluru,Karnataka,2021-06-16,42482,526,35406,12.9716,77.5946
Bengaluru,Karnataka,2021-06-23,43222,529,36068,12.9716,77.5946
Bengaluru,Karnataka,2021-06-30,44075,540,36807,12.9716,77.5946
Bengaluru,Karnataka,2021-07-07,44797,553,37463,12.9716,77.5946
Bengaluru,Karnataka,2021-07-14,44797,553,37463,12.9716,77.5946
Bengaluru,Karnataka,2021-07-21,45232,556,37802,12.9716,77.5946
Bengaluru,Karnataka,2021-07-28,45503,560,38033,12.9716,77.5946
Bengaluru,Karnataka,2021-08-04,45727,561,38209,12.9716,77.5946
Bengaluru,Karnataka,2021-08-11,46004,562,38417,12.9716,77.5946
Bengaluru,Karnataka,2021-08-18,46681,572,38985,12.9716,77.5946
Bengaluru,Karnataka,2021-08-25,47084,579,39362,12.9716,77.5946
Bengaluru,Karnataka,2021-09-01,47936,585,39974,12.9716,77.5946
Bengaluru,Karnataka,2021-09-08,48395,589,40320,12.9716,77.5946
Bengaluru,Karnataka,2021-09-15,48977,600,40794,12.9716,77.5946
Bengaluru,Karnataka,2021-09-22,49304,604,41028,12.9716,77.5946
Bengaluru,Karnataka,2021-09-29,49882,614,41521,12.9716,77.5946
Bengaluru,Karnataka,2021-10-06,50321,617,41937,12.9716,77.5946
Bengaluru,Karnataka,2021-10-13,51375,624,42702,12.9716,77.5946
Bengaluru,Karnataka,2021-10-20,52118,636,43402,12.9716,77.5946
Bengaluru,Karnataka,2021-10-27,53053,651,44066,12.9716,77.5946
Bengaluru,Karnataka,2021-11-03,53406,654,44318,12.9716,77.5946
Bengaluru,Karnataka,2021-11-10,53668,655,44530,12.9716,77.5946
Bengaluru,Karnataka,2021-11-17,53817,656,44653,12.9716,77.5946
Bengaluru,Karnataka,2021-11-24,54171,660,44935,12.9716,77.5946
Bengaluru,Karnataka,2021-12-01,54836,670,45501,12.9716,77.5946
Bengaluru,Karnataka,2021-12-08,55273,676,45896,12.9716,77.5946
Bengaluru,Karnataka,2021-12-15,55695,679,46250,12.9716,77.5946
Bengaluru,Karnataka,2021-12-22,55883,681,46381,12.9716,77.5946
Bengaluru,Karnataka,2021-12-29,56429,684,46800,12.9716,77.5946
Chennai,Tamil Nadu,2020-01-01,663,7,555,13.0827,80.2707
Chennai,Tamil Nadu,2020-01-08,749,7,632,13.0827,80.2707
Chennai,Tamil Nadu,2020-01-15,1499,19,1176,13.0827,80.2707
Chennai,Tamil Nadu,2020-01-22,2200,24,1667,13.0827,80.2707
Chennai,Tamil Nadu,2020-01-29,2561,30,1968,13.0827,80.2707
Chennai,Tamil Nadu,2020-02-05,2991,33,2320,13.0827,80.2707
Chennai,Tamil Nadu,2020-02-12,3259,37,2521,13.0827,80.2707
Chennai,Tamil Nadu,2020-02-19,3820,39,3050,13.0827,80.2707
Chennai,Tamil Nadu,2020-02-26,4287,43,3418,13.0827,80.2707
Chennai,Tamil Nadu,2020-03-04,4649,48,3758,13.0827,80.2707
Chennai,Tamil Nadu,2020-03-11,4990,53,4021,13.0827,80.2707
Chennai,Tamil Nadu,2020-03-18,5499,56,4396,13.0827,80.2707
Chennai,Tamil Nadu,2020-03-25,5944,64,4722,13.0827,80.2707
Chennai,Tamil Nadu,2020-04-01,6586,74,5175,13.0827,80.2707
Chennai,Tamil Nadu,2020-04-08,7037,78,5547,13.0827,80.2707
Chennai,Tamil Nadu,2020-04-15,7674,88,6087,13.0827,80.2707
Chennai,Tamil Nadu,2020-04-22,8268,91,6543,13.0827,80.2707
Chennai,Tamil Nadu,2020-04-29,8824,97,6985,13.0827,80.2707
Chennai,Tamil Nadu,2020-05-06,9252,100,7371,13.0827,80.2707
Chennai,Tamil Nadu,2020-05-13,9863,107,7821,13.0827,80.2707
Chennai,Tamil Nadu,2020-05-20,10575,115,8322,13.0827,80.2707
Chennai,Tamil Nadu,2020-05-27,10910,118,8603,13.0827,80.2707
Chennai,Tamil Nadu,2020-06-03,11235,120,8857,13.0827,80.2707
Chennai,Tamil Nadu,2020-06-10,11656,128,9219,13.0827,80.2707
Chennai,Tamil Nadu,2020-06-17,12068,133,9585,13.0827,80.2707
Chennai,Tamil Nadu,2020-06-24,12522,140,9905,13.0827,80.2707
Chennai,Tamil Nadu,2020-07-01,12978,144,10291,13.0827,80.2707
Chennai,Tamil Nadu,2020-07-08,13326,148,10608,13.0827,80.2707
Chennai,Tamil Nadu,2020-07-15,13980,154,11213,13.0827,80.2707
Chennai,Tamil Nadu,2020-07-22,14800,164,11931,13.0827,80.2707
Chennai,Tamil Nadu,2020-07-29,15563,173,12505,13.0827,80.2707
Chennai,Tamil Nadu,2020-08-05,16355,177,13239,13.0827,80.2707
Chennai,Tamil Nadu,2020-08-12,16659,178,13500,13.0827,80.2707
Chennai,Tamil Nadu,2020-08-19,17122,187,13913,13.0827,80.2707
Chennai,Tamil Nadu,2020-08-26,17859,200,14514,13.0827,80.2707
Chennai,Tamil Nadu,2020-09-02,18495,205,14969,13.0827,80.2707
Chennai,Tamil Nadu,2020-09-09,19016,213,15349,13.0827,80.2707
Chennai,Tamil Nadu,2020-09-16,19349,218,15647,13.0827,80.2707
Chennai,Tamil Nadu,2020-09-23,19942,224,16067,13.0827,80.2707
Chennai,Tamil Nadu,2020-09-30,20300,229,16391,13.0827,80.2707
Chennai,Tamil Nadu,2020-10-07,20870,239,16796,13.0827,80.2707
Chennai,Tamil Nadu,2020-10-14,21550,252,17349,13.0827,80.2707
Chennai,Tamil Nadu,2020-10-21,21926,254,17619,13.0827,80.2707
Chennai,Tamil Nadu,2020-10-28,22095,257,17776,13.0827,80.2707
Chennai,Tamil Nadu,2020-11-04,22716,269,18307,13.0827,80.2707
Chennai,Tamil Nadu,2020-11-11,23189,272,18702,13.0827,80.2707
Chennai,Tamil Nadu,2020-11-18,23660,278,19137,13.0827,80.2707
Chennai,Tamil Nadu,2020-11-25,24094,283,19443,13.0827,80.2707
Chennai,Tamil Nadu,2020-12-02,24634,289,19910,13.0827,80.2707
Chennai,Tamil Nadu,2020-12-09,25338,293,20431,13.0827,80.2707
Chennai,Tamil Nadu,2020-12-16,26003,302,20998,13.0827,80.2707
Chennai,Tamil Nadu,2020-12-23,26255,304,21224,13.0827,80.2707
Chennai,Tamil Nadu,2020-12-30,26764,306,21678,13.0827,80.2707
Chennai,Tamil Nadu,2021-01-06,27213,314,22026,13.0827,80.2707
Chennai,Tamil Nadu,2021-01-13,27323,315,22119,13.0827,80.2707
Chennai,Tamil Nadu,2021-01-20,27932,318,22662,13.0827,80.2707
Chennai,Tamil Nadu,2021-01-27,28415,325,23047,13.0827,80.2707
Chennai,Tamil Nadu,2021-02-03,28565,327,23157,13.0827,80.2707
Chennai,Tamil Nadu,2021-02-10,29112,331,23627,13.0827,80.2707
Chennai,Tamil Nadu,2021-02-17,29907,344,24257,13.0827,80.2707
Chennai,Tamil Nadu,2021-02-24,30256,345,24573,13.0827,80.2707
Chennai,Tamil Nadu,2021-03-03,30918,352,25062,13.0827,80.2707
Chennai,Tamil Nadu,2021-03-10,31360,360,25397,13.0827,80.2707
Chennai,Tamil Nadu,2021-03-17,32466,379,26446,13.0827,80.2707
Chennai,Tamil Nadu,2021-03-24,32681,381,26637,13.0827,80.2707
Chennai,Tamil Nadu,2021-03-31,33056,385,26906,13.0827,80.2707
Chennai,Tamil Nadu,2021-04-07,33710,390,27368,13.0827,80.2707
Chennai,Tamil Nadu,2021-04-14,34064,392,27645,13.0827,80.2707
Chennai,Tamil Nadu,2021-04-21,34737,397,28152,13.0827,80.2707
Chennai,Tamil Nadu,2021-04-28,35090,400,28470,13.0827,80.2707
Chennai,Tamil Nadu,2021-05-05,35230,400,28569,13.0827,80.2707
Chennai,Tamil Nadu,2021-05-12,36197,406,29395,13.0827,80.2707
Chennai,Tamil Nadu,2021-05-19,36206,406,29402,13.0827,80.2707
Chennai,Tamil Nadu,2021-05-26,36802,417,29909,13.0827,80.2707
Chennai,Tamil Nadu,2021-06-02,37662,426,30551,13.0827,80.2707
Chennai,Tamil Nadu,2021-06-09,38116,429,30876,13.0827,80.2707
Chennai,Tamil Nadu,2021-06-16,38531,431,31218,13.0827,80.2707
Chennai,Tamil Nadu,2021-06-23,39047,440,31581,13.0827,80.2707
Chennai,Tamil Nadu,2021-06-30,39233,442,31713,13.0827,80.2707
Chennai,Tamil Nadu,2021-07-07,39355,442,31825,13.0827,80.2707
Chennai,Tamil Nadu,2021-07-14,40018,454,32392,13.0827,80.2707
Chennai,Tamil Nadu,2021-07-21,40272,458,32624,13.0827,80.2707
Chennai,Tamil Nadu,2021-07-28,40729,463,33007,13.0827,80.2707
Chennai,Tamil Nadu,2021-08-04,40866,465,33113,13.0827,80.2707
Chennai,Tamil Nadu,2021-08-11,41355,474,33557,13.0827,80.2707
Chennai,Tamil Nadu,2021-08-18,41576,476,33717,13.0827,80.2707
Chennai,Tamil Nadu,2021-08-25,42384,489,34482,13.0827,80.2707
Chennai,Tamil Nadu,2021-09-01,42902,495,34882,13.0827,80.2707
Chennai,Tamil Nadu,2021-09-08,43528,500,35340,13.0827,80.2707
Chennai,Tamil Nadu,2021-09-15,43983,504,35735,13.0827,80.2707
Chennai,Tamil Nadu,2021-09-22,44724,513,36351,13.0827,80.2707
Chennai,Tamil Nadu,2021-09-29,45298,518,36796,13.0827,80.2707
Chennai,Tamil Nadu,2021-10-06,45743,521,37184,13.0827,80.2707
Chennai,Tamil Nadu,2021-10-13,46172,523,37489,13.0827,80.2707
Chennai,Tamil Nadu,2021-10-20,47017,530,38179,13.0827,80.2707
Chennai,Tamil Nadu,2021-10-27,47649,533,38679,13.0827,80.2707
Chennai,Tamil Nadu,2021-11-03,47928,534,38921,13.0827,80.2707
Chennai,Tamil Nadu,2021-11-10,48458,543,39351,13.0827,80.2707
Chennai,Tamil Nadu,2021-11-17,49308,548,40086,13.0827,80.2707
Chennai,Tamil Nadu,2021-11-24,49743,554,40480,13.0827,80.2707
Chennai,Tamil Nadu,2021-12-01,50011,557,40728,13.0827,80.2707
Chennai,Tamil Nadu,2021-12-08,50471,561,41074,13.0827,80.2707
Chennai,Tamil Nadu,2021-12-15,50963,566,41433,13.0827,80.2707
Chennai,Tamil Nadu,2021-12-22,51486,575,41877,13.0827,80.2707
Chennai,Tamil Nadu,2021-12-29,51759,578,42083,13.0827,80.2707
Kolkata,West Bengal,2020-01-01,632,9,577,22.5726,88.3639
Kolkata,West Bengal,2020-01-08,1052,12,958,22.5726,88.3639
Kolkata,West Bengal,2020-01-15,1658,18,1518,22.5726,88.3639
Kolkata,West Bengal,2020-01-22,2207,23,1981,22.5726,88.3639
Kolkata,West Bengal,2020-01-29,2749,27,2479,22.5726,88.3639
Kolkata,West Bengal,2020-02-05,2841,28,2559,22.5726,88.3639
Kolkata,West Bengal,2020-02-12,3022,29,2726,22.5726,88.3639
Kolkata,West Bengal,2020-02-19,3782,39,3301,22.5726,88.3639
Kolkata,West Bengal,2020-02-26,4651,43,4023,22.5726,88.3639
Kolkata,West Bengal,2020-03-04,5343,51,4652,22.5726,88.3639
Kolkata,West Bengal,2020-03-11,5911,55,5162,22.5726,88.3639
Kolkata,West Bengal,2020-03-18,6433,61,5557,22.5726,88.3639
Kolkata,West Bengal,2020-03-25,6839,67,5920,22.5726,88.3639
Kolkata,West Bengal,2020-04-01,7396,69,6364,22.5726,88.3639
Kolkata,West Bengal,2020-04-08,8056,77,6898,22.5726,88.3639
Kolkata,West Bengal,2020-04-15,8350,79,7177,22.5726,88.3639
Kolkata,West Bengal,2020-04-22,8654,82,7406,22.5726,88.3639
Kolkata,West Bengal,2020-04-29,9617,91,8102,22.5726,88.3639
Kolkata,West Bengal,2020-05-06,10043,98,8440,22.5726,88.3639
Kolkata,West Bengal,2020-05-13,10242,100,8612,22.5726,88.3639
Kolkata,West Bengal,2020-05-20,10673,103,8932,22.5726,88.3639
Kolkata,West Bengal,2020-05-27,11373,113,9446,22.5726,88.3639
Kolkata,West Bengal,2020-06-03,11866,121,9850,22.5726,88.3639
Kolkata,West Bengal,2020-06-10,12307,129,10225,22.5726,88.3639
Kolkata,West Bengal,2020-06-17,12690,134,10588,22.5726,88.3639
Kolkata,West Bengal,2020-06-24,13261,139,11009,22.5726,88.3639
Kolkata,West Bengal,2020-07-01,13761,141,11407,22.5726,88.3639
Kolkata,West Bengal,2020-07-08,14262,145,11825,22.5726,88.3639
Kolkata,West Bengal,2020-07-15,14633,150,12124,22.5726,88.3639
Kolkata,West Bengal,2020-07-22,15211,159,12672,22.5726,88.3639
Kolkata,West Bengal,2020-07-29,15572,165,12961,22.5726,88.3639
Kolkata,West Bengal,2020-08-05,16112,170,13405,22.5726,88.3639
Kolkata,West Bengal,2020-08-12,16733,179,13860,22.5726,88.3639
Kolkata,West Bengal,2020-08-19,17115,186,14151,22.5726,88.3639
Kolkata,West Bengal,2020-08-26,17668,195,14674,22.5726,88.3639
Kolkata,West Bengal,2020-09-02,18219,202,15090,22.5726,88.3639
Kolkata,West Bengal,2020-09-09,18636,208,15467,22.5726,88.3639
Kolkata,West Bengal,2020-09-16,19259,213,15983,22.5726,88.3639
Kolkata,West Bengal,2020-09-23,20165,224,16740,22.5726,88.3639
Kolkata,West Bengal,2020-09-30,20277,226,16842,22.5726,88.3639
Kolkata,West Bengal,2020-10-07,20709,232,17223,22.5726,88.3639
Kolkata,West Bengal,2020-10-14,21279,243,17739,22.5726,88.3639
Kolkata,West Bengal,2020-10-21,21877,246,18247,22.5726,88.3639
Kolkata,West Bengal,2020-10-28,22388,255,18651,22.5726,88.3639
Kolkata,West Bengal,2020-11-04,22976,259,19161,22.5726,88.3639
Kolkata,West Bengal,2020-11-11,23298,262,19429,22.5726,88.3639
Kolkata,West Bengal,2020-11-18,23528,264,19636,22.5726,88.3639
Kolkata,West Bengal,2020-11-25,24226,277,20274,22.5726,88.3639
Kolkata,West Bengal,2020-12-02,24603,280,20610,22.5726,88.3639
Kolkata,West Bengal,2020-12-09,25233,289,21135,22.5726,88.3639
Kolkata,West Bengal,2020-12-16,25414,291,21288,22.5726,88.3639
Kolkata,West Bengal,2020-12-23,26042,298,21752,22.5726,88.3639
Kolkata,West Bengal,2020-12-30,26593,301,22263,22.5726,88.3639
Kolkata,West Bengal,2021-01-06,26990,308,22563,22.5726,88.3639
Kolkata,West Bengal,2021-01-13,27216,312,22747,22.5726,88.3639
Kolkata,West Bengal,2021-01-20,27658,315,23118,22.5726,88.3639
Kolkata,West Bengal,2021-01-27,28352,323,23697,22.5726,88.3639
Kolkata,West Bengal,2021-02-03,28973,331,24246,22.5726,88.3639
Kolkata,West Bengal,2021-02-10,29610,336,24716,22.5726,88.3639
Kolkata,West Bengal,2021-02-17,30086,338,25077,22.5726,88.3639
Kolkata,West Bengal,2021-02-24,31054,345,25848,22.5726,88.3639
Kolkata,West Bengal,2021-03-03,31452,349,26197,22.5726,88.3639
Kolkata,West Bengal,2021-03-10,31625,351,26335,22.5726,88.3639
Kolkata,West Bengal,2021-03-17,32091,356,26686,22.5726,88.3639
Kolkata,West Bengal,2021-03-24,32806,362,27332,22.5726,88.3639
Kolkata,West Bengal,2021-03-31,33338,368,27814,22.5726,88.3639
Kolkata,West Bengal,2021-04-07,33840,375,28262,22.5726,88.3639
Kolkata,West Bengal,2021-04-14,34573,379,28952,22.5726,88.3639
Kolkata,West Bengal,2021-04-21,35080,388,29369,22.5726,88.3639
Kolkata,West Bengal,2021-04-28,35966,392,30199,22.5726,88.3639
Kolkata,West Bengal,2021-05-05,36660,403,30701,22.5726,88.3639
Kolkata,West Bengal,2021-05-12,37184,411,31154,22.5726,88.3639
Kolkata,West Bengal,2021-05-19,38010,426,31778,22.5726,88.3639
Kolkata,West Bengal,2021-05-26,38413,433,32125,22.5726,88.3639
Kolkata,West Bengal,2021-06-02,39218,438,32789,22.5726,88.3639
Kolkata,West Bengal,2021-06-09,39218,438,32789,22.5726,88.3639
Kolkata,West Bengal,2021-06-16,39792,443,33295,22.5726,88.3639
Kolkata,West Bengal,2021-06-23,40344,449,33759,22.5726,88.3639
Kolkata,West Bengal,2021-06-30,40536,450,33940,22.5726,88.3639
Kolkata,West Bengal,2021-07-07,40536,450,33940,22.5726,88.3639
Kolkata,West Bengal,2021-07-14,41192,455,34399,22.5726,88.3639
Kolkata,West Bengal,2021-07-21,41949,464,35078,22.5726,88.3639
Kolkata,West Bengal,2021-07-28,42456,467,35556,22.5726,88.3639
Kolkata,West Bengal,2021-08-04,43236,472,36296,22.5726,88.3639
Kolkata,West Bengal,2021-08-11,43549,476,36588,22.5726,88.3639
Kolkata,West Bengal,2021-08-18,43919,481,36913,22.5726,88.3639
Kolkata,West Bengal,2021-08-25,44645,490,37602,22.5726,88.3639
Kolkata,West Bengal,2021-09-01,44822,491,37731,22.5726,88.3639
Kolkata,West Bengal,2021-09-08,45218,497,38099,22.5726,88.3639
Kolkata,West Bengal,2021-09-15,45880,509,38650,22.5726,88.3639
Kolkata,West Bengal,2021-09-22,46631,515,39198,22.5726,88.3639
Kolkata,West Bengal,2021-09-29,47143,524,39657,22.5726,88.3639
Kolkata,West Bengal,2021-10-06,47713,532,40072,22.5726,88.3639
Kolkata,West Bengal,2021-10-13,48104,539,40383,22.5726,88.3639
Kolkata,West Bengal,2021-10-20,48638,545,40792,22.5726,88.3639
Kolkata,West Bengal,2021-10-27,49019,550,41104,22.5726,88.3639
Kolkata,West Bengal,2021-11-03,49564,556,41608,22.5726,88.3639
Kolkata,West Bengal,2021-11-10,49903,558,41928,22.5726,88.3639
Kolkata,West Bengal,2021-11-17,50263,562,42194,22.5726,88.3639
Kolkata,West Bengal,2021-11-24,50810,566,42594,22.5726,88.3639
Kolkata,West Bengal,2021-12-01,51264,573,42954,22.5726,88.3639
Kolkata,West Bengal,2021-12-08,51567,578,43175,22.5726,88.3639
Kolkata,West Bengal,2021-12-15,51802,581,43345,22.5726,88.3639
Kolkata,West Bengal,2021-12-22,52579,588,43917,22.5726,88.3639
Kolkata,West Bengal,2021-12-29,52946,591,44242,22.5726,88.3639
Hyderabad,Telangana,2020-01-01,400,5,298,17.385,78.4867
Hyderabad,Telangana,2020-01-08,1226,15,927,17.385,78.4867
Hyderabad,Telangana,2020-01-15,1755,24,1407,17.385,78.4867
Hyderabad,Telangana,2020-01-22,1900,26,1509,17.385,78.4867
Hyderabad,Telangana,2020-01-29,2555,32,2087,17.385,78.4867
Hyderabad,Telangana,2020-02-05,2928,38,2357,17.385,78.4867
Hyderabad,Telangana,2020-02-12,3367,43,2729,17.385,78.4867
Hyderabad,Telangana,2020-02-19,3679,46,3002,17.385,78.4867
Hyderabad,Telangana,2020-02-26,4175,51,3443,17.385,78.4867
Hyderabad,Telangana,2020-03-04,4557,56,3802,17.385,78.4867
Hyderabad,Telangana,2020-03-11,5103,66,4289,17.385,78.4867
Hyderabad,Telangana,2020-03-18,5894,78,4946,17.385,78.4867
Hyderabad,Telangana,2020-03-25,6079,79,5094,17.385,78.4867
Hyderabad,Telangana,2020-04-01,6500,81,5456,17.385,78.4867
Hyderabad,Telangana,2020-04-08,6915,87,5759,17.385,78.4867
Hyderabad,Telangana,2020-04-15,7127,90,5953,17.385,78.4867
Hyderabad,Telangana,2020-04-22,7729,98,6464,17.385,78.4867
Hyderabad,Telangana,2020-04-29,7992,99,6660,17.385,78.4867
Hyderabad,Telangana,2020-05-06,8560,108,7078,17.385,78.4867
Hyderabad,Telangana,2020-05-13,8738,110,7205,17.385,78.4867
Hyderabad,Telangana,2020-05-20,9065,114,7498,17.385,78.4867
Hyderabad,Telangana,2020-05-27,9171,115,7580,17.385,78.4867
Hyderabad,Telangana,2020-06-03,9813,121,8138,17.385,78.4867
Hyderabad,Telangana,2020-06-10,10549,132,8758,17.385,78.4867
Hyderabad,Telangana,2020-06-17,11103,141,9275,17.385,78.4867
Hyderabad,Telangana,2020-06-24,11377,142,9474,17.385,78.4867
Hyderabad,Telangana,2020-07-01,11916,144,9919,17.385,78.4867
Hyderabad,Telangana,2020-07-08,12916,163,10846,17.385,78.4867
Hyderabad,Telangana,2020-07-15,13489,166,11254,17.385,78.4867
Hyderabad,Telangana,2020-07-22,14085,169,11696,17.385,78.4867
Hyderabad,Telangana,2020-07-29,14686,176,12185,17.385,78.4867
Hyderabad,Telangana,2020-08-05,15016,181,12431,17.385,78.4867
Hyderabad,Telangana,2020-08-12,15475,187,12779,17.385,78.4867
Hyderabad,Telangana,2020-08-19,15958,194,13213,17.385,78.4867
Hyderabad,Telangana,2020-08-26,16792,203,13928,17.385,78.4867
Hyderabad,Telangana,2020-09-02,17514,208,14484,17.385,78.4867
Hyderabad,Telangana,2020-09-09,17704,210,14650,17.385,78.4867
Hyderabad,Telangana,2020-09-16,18433,220,15225,17.385,78.4867
Hyderabad,Telangana,2020-09-23,18910,227,15566,17.385,78.4867
Hyderabad,Telangana,2020-09-30,19484,230,16077,17.385,78.4867
Hyderabad,Telangana,2020-10-07,19903,236,16437,17.385,78.4867
Hyderabad,Telangana,2020-10-14,20512,247,16990,17.385,78.4867
Hyderabad,Telangana,2020-10-21,21057,252,17487,17.385,78.4867
Hyderabad,Telangana,2020-10-28,21675,261,17983,17.385,78.4867
Hyderabad,Telangana,2020-11-04,22018,263,18243,17.385,78.4867
Hyderabad,Telangana,2020-11-11,22649,273,18747,17.385,78.4867
Hyderabad,Telangana,2020-11-18,22830,276,18883,17.385,78.4867
Hyderabad,Telangana,2020-11-25,23363,286,19329,17.385,78.4867
Hyderabad,Telangana,2020-12-02,23784,293,19696,17.385,78.4867
Hyderabad,Telangana,2020-12-09,24601,305,20435,17.385,78.4867
Hyderabad,Telangana,2020-12-16,25037,309,20773,17.385,78.4867
Hyderabad,Telangana,2020-12-23,25671,313,21353,17.385,78.4867
Hyderabad,Telangana,2020-12-30,26330,322,21972,17.385,78.4867
Hyderabad,Telangana,2021-01-06,26665,327,22206,17.385,78.4867
Hyderabad,Telangana,2021-01-13,27516,342,22870,17.385,78.4867
Hyderabad,Telangana,2021-01-20,27867,347,23192,17.385,78.4867
Hyderabad,Telangana,2021-01-27,28328,354,23590,17.385,78.4867
Hyderabad,Telangana,2021-02-03,28888,362,24095,17.385,78.4867
Hyderabad,Telangana,2021-02-10,29520,365,24614,17.385,78.4867
Hyderabad,Telangana,2021-02-17,30260,371,25270,17.385,78.4867
Hyderabad,Telangana,2021-02-24,30666,374,25596,17.385,78.4867
Hyderabad,Telangana,2021-03-03,30817,374,25711,17.385,78.4867
Hyderabad,Telangana,2021-03-10,31316,380,26172,17.385,78.4867
Hyderabad,Telangana,2021-03-17,31813,389,26620,17.385,78.4867
Hyderabad,Telangana,2021-03-24,32797,397,27372,17.385,78.4867
Hyderabad,Telangana,2021-03-31,33100,398,27641,17.385,78.4867
Hyderabad,Telangana,2021-04-07,33761,408,28135,17.385,78.4867
Hyderabad,Telangana,2021-04-14,34222,412,28513,17.385,78.4867
Hyderabad,Telangana,2021-04-21,34798,423,28954,17.385,78.4867
Hyderabad,Telangana,2021-04-28,35366,428,29479,17.385,78.4867
Hyderabad,Telangana,2021-05-05,35789,433,29835,17.385,78.4867
Hyderabad,Telangana,2021-05-12,36404,437,30299,17.385,78.4867
Hyderabad,Telangana,2021-05-19,36775,442,30630,17.385,78.4867
Hyderabad,Telangana,2021-05-26,37435,447,31200,17.385,78.4867
Hyderabad,Telangana,2021-06-02,37844,451,31487,17.385,78.4867
Hyderabad,Telangana,2021-06-09,38687,459,32287,17.385,78.4867
Hyderabad,Telangana,2021-06-16,39280,465,32797,17.385,78.4867
Hyderabad,Telangana,2021-06-23,39703,471,33124,17.385,78.4867
Hyderabad,Telangana,2021-06-30,40228,479,33617,17.385,78.4867
Hyderabad,Telangana,2021-07-07,40600,485,33956,17.385,78.4867
Hyderabad,Telangana,2021-07-14,40870,487,34176,17.385,78.4867
Hyderabad,Telangana,2021-07-21,41175,489,34438,17.385,78.4867
Hyderabad,Telangana,2021-07-28,41717,499,34864,17.385,78.4867
Hyderabad,Telangana,2021-08-04,42174,507,35272,17.385,78.4867
Hyderabad,Telangana,2021-08-11,42559,514,35552,17.385,78.4867
Hyderabad,Telangana,2021-08-18,42968,521,35874,17.385,78.4867
Hyderabad,Telangana,2021-08-25,43647,526,36458,17.385,78.4867
Hyderabad,Telangana,2021-09-01,43957,531,36707,17.385,78.4867
Hyderabad,Telangana,2021-09-08,44441,534,37160,17.385,78.4867
Hyderabad,Telangana,2021-09-15,44851,540,37519,17.385,78.4867
Hyderabad,Telangana,2021-09-22,45376,543,37969,17.385,78.4867
Hyderabad,Telangana,2021-09-29,45818,548,38342,17.385,78.4867
Hyderabad,Telangana,2021-10-06,46317,550,38708,17.385,78.4867
Hyderabad,Telangana,2021-10-13,46836,559,39153,17.385,78.4867
Hyderabad,Telangana,2021-10-20,47366,568,39563,17.385,78.4867
Hyderabad,Telangana,2021-10-27,47613,569,39784,17.385,78.4867
Hyderabad,Telangana,2021-11-03,47919,570,40028,17.385,78.4867
Hyderabad,Telangana,2021-11-10,48091,572,40189,17.385,78.4867
Hyderabad,Telangana,2021-11-17,48397,574,40458,17.385,78.4867
Hyderabad,Telangana,2021-11-24,49066,577,41071,17.385,78.4867
Hyderabad,Telangana,2021-12-01,49931,584,41819,17.385,78.4867
Hyderabad,Telangana,2021-12-08,50648,593,42468,17.385,78.4867
Hyderabad,Telangana,2021-12-15,51277,599,43047,17.385,78.4867
Hyderabad,Telangana,2021-12-22,52013,609,43631,17.385,78.4867
Hyderabad,Telangana,2021-12-29,52343,613,43909,17.385,78.4867
Ahmedabad,Gujarat,2020-01-01,702,8,493,23.0225,72.5714
Ahmedabad,Gujarat,2020-01-08,1419,13,1137,23.0225,72.5714
Ahmedabad,Gujarat,2020-01-15,1624,15,1282,23.0225,72.5714
Ahmedabad,Gujarat,2020-01-22,2153,19,1733,23.0225,72.5714
Ahmedabad,Gujarat,2020-01-29,2864,28,2266,23.0225,72.5714
Ahmedabad,Gujarat,2020-02-05,3285,32,2583,23.0225,72.5714
Ahmedabad,Gujarat,2020-02-12,3676,35,2906,23.0225,72.5714
Ahmedabad,Gujarat,2020-02-19,4343,45,3458,23.0225,72.5714
Ahmedabad,Gujarat,2020-02-26,4471,47,3579,23.0225,72.5714
Ahmedabad,Gujarat,2020-03-04,4702,48,3768,23.0225,72.5714
Ahmedabad,Gujarat,2020-03-11,5160,51,4180,23.0225,72.5714
Ahmedabad,Gujarat,2020-03-18,5837,57,4792,23.0225,72.5714
Ahmedabad,Gujarat,2020-03-25,5928,58,4861,23.0225,72.5714
Ahmedabad,Gujarat,2020-04-01,6144,61,5020,23.0225,72.5714
Ahmedabad,Gujarat,2020-04-08,6664,69,5399,23.0225,72.5714
Ahmedabad,Gujarat,2020-04-15,6751,70,5464,23.0225,72.5714
Ahmedabad,Gujarat,2020-04-22,7273,77,5840,23.0225,72.5714
Ahmedabad,Gujarat,2020-04-29,7488,80,6025,23.0225,72.5714
Ahmedabad,Gujarat,2020-05-06,8047,88,6485,23.0225,72.5714
Ahmedabad,Gujarat,2020-05-13,8251,89,6672,23.0225,72.5714
Ahmedabad,Gujarat,2020-05-20,8806,97,7183,23.0225,72.5714
Ahmedabad,Gujarat,2020-05-27,9152,102,7509,23.0225,72.5714
Ahmedabad,Gujarat,2020-06-03,9630,109,7849,23.0225,72.5714
Ahmedabad,Gujarat,2020-06-10,9902,114,8102,23.0225,72.5714
Ahmedabad,Gujarat,2020-06-17,10889,119,8970,23.0225,72.5714
Ahmedabad,Gujarat,2020-06-24,11184,124,9203,23.0225,72.5714
Ahmedabad,Gujarat,2020-07-01,11631,128,9576,23.0225,72.5714
Ahmedabad,Gujarat,2020-07-08,12015,133,9894,23.0225,72.5714
Ahmedabad,Gujarat,2020-07-15,12514,137,10347,23.0225,72.5714
Ahmedabad,Gujarat,2020-07-22,12960,139,10765,23.0225,72.5714
Ahmedabad,Gujarat,2020-07-29,13950,150,11620,23.0225,72.5714
Ahmedabad,Gujarat,2020-08-05,14531,158,12100,23.0225,72.5714
Ahmedabad,Gujarat,2020-08-12,14734,160,12267,23.0225,72.5714
Ahmedabad,Gujarat,2020-08-19,15069,162,12510,23.0225,72.5714
Ahmedabad,Gujarat,2020-08-26,15656,172,13061,23.0225,72.5714
Ahmedabad,Gujarat,2020-09-02,16349,177,13600,23.0225,72.5714
Ahmedabad,Gujarat,2020-09-09,16840,183,14048,23.0225,72.5714
Ahmedabad,Gujarat,2020-09-16,17575,189,14679,23.0225,72.5714
Ahmedabad,Gujarat,2020-09-23,18143,195,15147,23.0225,72.5714
Ahmedabad,Gujarat,2020-09-30,18880,200,15805,23.0225,72.5714
Ahmedabad,Gujarat,2020-10-07,19226,204,16078,23.0225,72.5714
Ahmedabad,Gujarat,2020-10-14,20012,211,16730,23.0225,72.5714
Ahmedabad,Gujarat,2020-10-21,20614,215,17186,23.0225,72.5714
Ahmedabad,Gujarat,2020-10-28,21306,221,17836,23.0225,72.5714
Ahmedabad,Gujarat,2020-11-04,22076,226,18543,23.0225,72.5714
Ahmedabad,Gujarat,2020-11-11,22096,226,18560,23.0225,72.5714
Ahmedabad,Gujarat,2020-11-18,22604,232,19041,23.0225,72.5714
Ahmedabad,Gujarat,2020-11-25,23055,236,19465,23.0225,72.5714
Ahmedabad,Gujarat,2020-12-02,23607,243,19901,23.0225,72.5714
Ahmedabad,Gujarat,2020-12-09,24293,248,20514,23.0225,72.5714
Ahmedabad,Gujarat,2020-12-16,24914,251,21089,23.0225,72.5714
Ahmedabad,Gujarat,2020-12-23,25463,254,21587,23.0225,72.5714
Ahmedabad,Gujarat,2020-12-30,26139,264,22221,23.0225,72.5714
Ahmedabad,Gujarat,2021-01-06,26478,268,22515,23.0225,72.5714
Ahmedabad,Gujarat,2021-01-13,27054,273,22930,23.0225,72.5714
Ahmedabad,Gujarat,2021-01-20,27403,279,23217,23.0225,72.5714
Ahmedabad,Gujarat,2021-01-27,27951,284,23670,23.0225,72.5714
Ahmedabad,Gujarat,2021-02-03,28502,287,24177,23.0225,72.5714
Ahmedabad,Gujarat,2021-02-10,29523,292,24995,23.0225,72.5714
Ahmedabad,Gujarat,2021-02-17,29958,298,25308,23.0225,72.5714
Ahmedabad,Gujarat,2021-02-24,30709,303,25835,23.0225,72.5714
Ahmedabad,Gujarat,2021-03-03,31168,310,26167,23.0225,72.5714
Ahmedabad,Gujarat,2021-03-10,31752,318,26692,23.0225,72.5714
Ahmedabad,Gujarat,2021-03-17,32297,328,27103,23.0225,72.5714
Ahmedabad,Gujarat,2021-03-24,32665,332,27432,23.0225,72.5714
Ahmedabad,Gujarat,2021-03-31,33082,339,27783,23.0225,72.5714
Ahmedabad,Gujarat,2021-04-07,33785,342,28354,23.0225,72.5714
Ahmedabad,Gujarat,2021-04-14,34131,344,28675,23.0225,72.5714
Ahmedabad,Gujarat,2021-04-21,34671,352,29107,23.0225,72.5714
Ahmedabad,Gujarat,2021-04-28,35446,358,29703,23.0225,72.5714
Ahmedabad,Gujarat,2021-05-05,36015,361,30108,23.0225,72.5714
Ahmedabad,Gujarat,2021-05-12,36485,367,30503,23.0225,72.5714
Ahmedabad,Gujarat,2021-05-19,36946,374,30898,23.0225,72.5714
Ahmedabad,Gujarat,2021-05-26,37972,390,31677,23.0225,72.5714
Ahmedabad,Gujarat,2021-06-02,38529,397,32099,23.0225,72.5714
Ahmedabad,Gujarat,2021-06-09,39320,401,32658,23.0225,72.5714
Ahmedabad,Gujarat,2021-06-16,40048,407,33247,23.0225,72.5714
Ahmedabad,Gujarat,2021-06-23,40969,418,34073,23.0225,72.5714
Ahmedabad,Gujarat,2021-06-30,41606,426,34569,23.0225,72.5714
Ahmedabad,Gujarat,2021-07-07,42075,432,34908,23.0225,72.5714
Ahmedabad,Gujarat,2021-07-14,42524,436,35285,23.0225,72.5714
Ahmedabad,Gujarat,2021-07-21,43184,445,35854,23.0225,72.5714
Ahmedabad,Gujarat,2021-07-28,43489,449,36125,23.0225,72.5714
Ahmedabad,Gujarat,2021-08-04,43966,453,36502,23.0225,72.5714
Ahmedabad,Gujarat,2021-08-11,44407,458,36863,23.0225,72.5714
Ahmedabad,Gujarat,2021-08-18,44853,461,37185,23.0225,72.5714
Ahmedabad,Gujarat,2021-08-25,45439,472,37653,23.0225,72.5714
Ahmedabad,Gujarat,2021-09-01,45744,477,37916,23.0225,72.5714
Ahmedabad,Gujarat,2021-09-08,46056,480,38177,23.0225,72.5714
Ahmedabad,Gujarat,2021-09-15,46432,483,38460,23.0225,72.5714
Ahmedabad,Gujarat,2021-09-22,47140,495,39110,23.0225,72.5714
Ahmedabad,Gujarat,2021-09-29,47816,506,39598,23.0225,72.5714
Ahmedabad,Gujarat,2021-10-06,48464,511,40201,23.0225,72.5714
Ahmedabad,Gujarat,2021-10-13,49017,518,40645,23.0225,72.5714
Ahmedabad,Gujarat,2021-10-20,49508,523,41013,23.0225,72.5714
Ahmedabad,Gujarat,2021-10-27,49981,530,41382,23.0225,72.5714
Ahmedabad,Gujarat,2021-11-03,50526,533,41874,23.0225,72.5714
Ahmedabad,Gujarat,2021-11-10,51015,535,42298,23.0225,72.5714
Ahmedabad,Gujarat,2021-11-17,51556,541,42782,23.0225,72.5714
Ahmedabad,Gujarat,2021-11-24,52097,551,43283,23.0225,72.5714
Ahmedabad,Gujarat,2021-12-01,52861,564,43886,23.0225,72.5714
Ahmedabad,Gujarat,2021-12-08,53295,570,44247,23.0225,72.5714
Ahmedabad,Gujarat,2021-12-15,53883,579,44780,23.0225,72.5714
Ahmedabad,Gujarat,2021-12-22,54317,581,45182,23.0225,72.5714
Ahmedabad,Gujarat,2021-12-29,54610,583,45406,23.0225,72.5714
Pune,Maharashtra,2020-01-01,288,4,267,18.5204,73.8567
Pune,Maharashtra,2020-01-08,359,4,333,18.5204,73.8567
Pune,Maharashtra,2020-01-15,551,7,489,18.5204,73.8567
Pune,Maharashtra,2020-01-22,812,8,723,18.5204,73.8567
Pune,Maharashtra,2020-01-29,1170,10,1047,18.5204,73.8567
Pune,Maharashtra,2020-02-05,1684,16,1429,18.5204,73.8567
Pune,Maharashtra,2020-02-12,2364,19,1974,18.5204,73.8567
Pune,Maharashtra,2020-02-19,3047,26,2543,18.5204,73.8567
Pune,Maharashtra,2020-02-26,3908,40,3218,18.5204,73.8567
Pune,Maharashtra,2020-03-04,4465,44,3718,18.5204,73.8567
Pune,Maharashtra,2020-03-11,4849,48,4035,18.5204,73.8567
Pune,Maharashtra,2020-03-18,5194,51,4342,18.5204,73.8567
Pune,Maharashtra,2020-03-25,5824,58,4811,18.5204,73.8567
Pune,Maharashtra,2020-04-01,6003,61,4958,18.5204,73.8567
Pune,Maharashtra,2020-04-08,6406,64,5322,18.5204,73.8567
Pune,Maharashtra,2020-04-15,7185,69,6049,18.5204,73.8567
Pune,Maharashtra,2020-04-22,7640,77,6443,18.5204,73.8567
Pune,Maharashtra,2020-04-29,7831,78,6600,18.5204,73.8567
Pune,Maharashtra,2020-05-06,8770,85,7293,18.5204,73.8567
Pune,Maharashtra,2020-05-13,9628,100,7924,18.5204,73.8567
Pune,Maharashtra,2020-05-20,9711,101,7994,18.5204,73.8567
Pune,Maharashtra,2020-05-27,10279,110,8510,18.5204,73.8567
Pune,Maharashtra,2020-06-03,10907,114,9096,18.5204,73.8567
Pune,Maharashtra,2020-06-10,11504,123,9631,18.5204,73.8567
Pune,Maharashtra,2020-06-17,11683,124,9782,18.5204,73.8567
Pune,Maharashtra,2020-06-24,12132,126,10204,18.5204,73.8567
Pune,Maharashtra,2020-07-01,12278,128,10320,18.5204,73.8567
Pune,Maharashtra,2020-07-08,12537,131,10524,18.5204,73.8567
Pune,Maharashtra,2020-07-15,12862,133,10791,18.5204,73.8567
Pune,Maharashtra,2020-07-22,13317,135,11146,18.5204,73.8567
Pune,Maharashtra,2020-07-29,13840,140,11635,18.5204,73.8567
Pune,Maharashtra,2020-08-05,14382,147,12136,18.5204,73.8567
Pune,Maharashtra,2020-08-12,14968,150,12601,18.5204,73.8567
Pune,Maharashtra,2020-08-19,15501,155,13016,18.5204,73.8567
Pune,Maharashtra,2020-08-26,15971,161,13441,18.5204,73.8567
Pune,Maharashtra,2020-09-02,16346,163,13713,18.5204,73.8567
Pune,Maharashtra,2020-09-09,16712,167,14029,18.5204,73.8567
Pune,Maharashtra,2020-09-16,17445,178,14578,18.5204,73.8567
Pune,Maharashtra,2020-09-23,17500,178,14624,18.5204,73.8567
Pune,Maharashtra,2020-09-30,17829,181,14888,18.5204,73.8567
Pune,Maharashtra,2020-10-07,18470,193,15488,18.5204,73.8567
Pune,Maharashtra,2020-10-14,18807,199,15734,18.5204,73.8567
Pune,Maharashtra,2020-10-21,19033,201,15940,18.5204,73.8567
Pune,Maharashtra,2020-10-28,19614,206,16490,18.5204,73.8567
Pune,Maharashtra,2020-11-04,19923,207,16752,18.5204,73.8567
Pune,Maharashtra,2020-11-11,20561,210,17337,18.5204,73.8567
Pune,Maharashtra,2020-11-18,21342,220,18019,18.5204,73.8567
Pune,Maharashtra,2020-11-25,22267,233,18734,18.5204,73.8567
Pune,Maharashtra,2020-12-02,22603,236,19013,18.5204,73.8567
Pune,Maharashtra,2020-12-09,22933,238,19324,18.5204,73.8567
Pune,Maharashtra,2020-12-16,23234,243,19542,18.5204,73.8567
Pune,Maharashtra,2020-12-23,23635,250,19891,18.5204,73.8567
Pune,Maharashtra,2020-12-30,24610,258,20643,18.5204,73.8567
Pune,Maharashtra,2021-01-06,25222,265,21201,18.5204,73.8567
Pune,Maharashtra,2021-01-13,26031,278,21890,18.5204,73.8567
Pune,Maharashtra,2021-01-20,26584,281,22297,18.5204,73.8567
Pune,Maharashtra,2021-01-27,27012,284,22644,18.5204,73.8567
Pune,Maharashtra,2021-02-03,27639,295,23150,18.5204,73.8567
Pune,Maharashtra,2021-02-10,28310,302,23653,18.5204,73.8567
Pune,Maharashtra,2021-02-17,28602,304,23900,18.5204,73.8567
Pune,Maharashtra,2021-02-24,29010,309,24212,18.5204,73.8567
Pune,Maharashtra,2021-03-03,29632,313,24684,18.5204,73.8567
Pune,Maharashtra,2021-03-10,30372,323,25302,18.5204,73.8567
Pune,Maharashtra,2021-03-17,30941,331,25840,18.5204,73.8567
Pune,Maharashtra,2021-03-24,31131,332,26000,18.5204,73.8567
Pune,Maharashtra,2021-03-31,31536,339,26369,18.5204,73.8567
Pune,Maharashtra,2021-04-07,31887,341,26640,18.5204,73.8567
Pune,Maharashtra,2021-04-14,32438,343,27152,18.5204,73.8567
Pune,Maharashtra,2021-04-21,32891,350,27471,18.5204,73.8567
Pune,Maharashtra,2021-04-28,33328,356,27796,18.5204,73.8567
Pune,Maharashtra,2021-05-05,33802,365,28168,18.5204,73.8567
Pune,Maharashtra,2021-05-12,34360,369,28563,18.5204,73.8567
Pune,Maharashtra,2021-05-19,34959,379,29073,18.5204,73.8567
Pune,Maharashtra,2021-05-26,35171,382,29226,18.5204,73.8567
Pune,Maharashtra,2021-06-02,35516,386,29520,18.5204,73.8567
Pune,Maharashtra,2021-06-09,36088,396,30062,18.5204,73.8567
Pune,Maharashtra,2021-06-16,36554,402,30437,18.5204,73.8567
Pune,Maharashtra,2021-06-23,36874,403,30738,18.5204,73.8567
Pune,Maharashtra,2021-06-30,37447,407,31265,18.5204,73.8567
Pune,Maharashtra,2021-07-07,38359,411,31982,18.5204,73.8567
Pune,Maharashtra,2021-07-14,38927,421,32461,18.5204,73.8567
Pune,Maharashtra,2021-07-21,39305,424,32804,18.5204,73.8567
Pune,Maharashtra,2021-07-28,39965,431,33324,18.5204,73.8567
Pune,Maharashtra,2021-08-04,40640,444,33901,18.5204,73.8567
Pune,Maharashtra,2021-08-11,41338,454,34449,18.5204,73.8567
Pune,Maharashtra,2021-08-18,41710,458,34740,18.5204,73.8567
Pune,Maharashtra,2021-08-25,42220,462,35126,18.5204,73.8567
Pune,Maharashtra,2021-09-01,42695,465,35551,18.5204,73.8567
Pune,Maharashtra,2021-09-08,43224,473,35957,18.5204,73.8567
Pune,Maharashtra,2021-09-15,43593,480,36274,18.5204,73.8567
Pune,Maharashtra,2021-09-22,44102,486,36710,18.5204,73.8567
Pune,Maharashtra,2021-09-29,44693,494,37211,18.5204,73.8567
Pune,Maharashtra,2021-10-06,45219,501,37688,18.5204,73.8567
Pune,Maharashtra,2021-10-13,45819,506,38209,18.5204,73.8567
Pune,Maharashtra,2021-10-20,45942,507,38317,18.5204,73.8567
Pune,Maharashtra,2021-10-27,46230,510,38551,18.5204,73.8567
Pune,Maharashtra,2021-11-03,46604,514,38884,18.5204,73.8567
Pune,Maharashtra,2021-11-10,47215,518,39362,18.5204,73.8567
Pune,Maharashtra,2021-11-17,47779,528,39862,18.5204,73.8567
Pune,Maharashtra,2021-11-24,48086,532,40124,18.5204,73.8567
Pune,Maharashtra,2021-12-01,48587,540,40490,18.5204,73.8567
Pune,Maharashtra,2021-12-08,49264,547,41094,18.5204,73.8567
Pune,Maharashtra,2021-12-15,49583,549,41346,18.5204,73.8567
Pune,Maharashtra,2021-12-22,49752,550,41480,18.5204,73.8567
Pune,Maharashtra,2021-12-29,50368,554,41992,18.5204,73.8567
Jaipur,Rajasthan,2020-01-01,1038,7,936,26.9124,75.7873
Jaipur,Rajasthan,2020-01-08,1415,12,1231,26.9124,75.7873
Jaipur,Rajasthan,2020-01-15,2133,19,1859,26.9124,75.7873
Jaipur,Rajasthan,2020-01-22,2523,22,2188,26.9124,75.7873
Jaipur,Rajasthan,2020-01-29,3015,27,2586,26.9124,75.7873
Jaipur,Rajasthan,2020-02-05,3462,30,2947,26.9124,75.7873
Jaipur,Rajasthan,2020-02-12,3980,34,3407,26.9124,75.7873
Jaipur,Rajasthan,2020-02-19,4232,35,3625,26.9124,75.7873
Jaipur,Rajasthan,2020-02-26,4809,38,4119,26.9124,75.7873
Jaipur,Rajasthan,2020-03-04,5727,50,4948,26.9124,75.7873
Jaipur,Rajasthan,2020-03-11,6392,61,5511,26.9124,75.7873
Jaipur,Rajasthan,2020-03-18,6930,68,5992,26.9124,75.7873
Jaipur,Rajasthan,2020-03-25,7249,72,6294,26.9124,75.7873
Jaipur,Rajasthan,2020-04-01,7870,77,6741,26.9124,75.7873
Jaipur,Rajasthan,2020-04-08,8308,80,7105,26.9124,75.7873
Jaipur,Rajasthan,2020-04-15,8701,86,7459,26.9124,75.7873
Jaipur,Rajasthan,2020-04-22,9008,91,7692,26.9124,75.7873
Jaipur,Rajasthan,2020-04-29,9579,100,8174,26.9124,75.7873
Jaipur,Rajasthan,2020-05-06,10046,103,8592,26.9124,75.7873
Jaipur,Rajasthan,2020-05-13,10288,106,8773,26.9124,75.7873
Jaipur,Rajasthan,2020-05-20,10803,110,9191,26.9124,75.7873
Jaipur,Rajasthan,2020-05-27,11385,113,9681,26.9124,75.7873
Jaipur,Rajasthan,2020-06-03,11725,115,9928,26.9124,75.7873
Jaipur,Rajasthan,2020-06-10,12087,117,10253,26.9124,75.7873
Jaipur,Rajasthan,2020-06-17,12774,124,10746,26.9124,75.7873
Jaipur,Rajasthan,2020-06-24,13418,134,11329,26.9124,75.7873
Jaipur,Rajasthan,2020-07-01,13831,136,11689,26.9124,75.7873
Jaipur,Rajasthan,2020-07-08,14393,142,12205,26.9124,75.7873
Jaipur,Rajasthan,2020-07-15,14917,148,12580,26.9124,75.7873
Jaipur,Rajasthan,2020-07-22,15275,150,12836,26.9124,75.7873
Jaipur,Rajasthan,2020-07-29,15926,155,13422,26.9124,75.7873
Jaipur,Rajasthan,2020-08-05,16364,158,13833,26.9124,75.7873
Jaipur,Rajasthan,2020-08-12,16722,164,14169,26.9124,75.7873
Jaipur,Rajasthan,2020-08-19,17004,165,14367,26.9124,75.7873
Jaipur,Rajasthan,2020-08-26,17747,170,15071,26.9124,75.7873
Jaipur,Rajasthan,2020-09-02,17927,171,15230,26.9124,75.7873
Jaipur,Rajasthan,2020-09-09,18895,187,15989,26.9124,75.7873
Jaipur,Rajasthan,2020-09-16,19138,190,16216,26.9124,75.7873
Jaipur,Rajasthan,2020-09-23,19641,193,16665,26.9124,75.7873
Jaipur,Rajasthan,2020-09-30,20137,200,17102,26.9124,75.7873
Jaipur,Rajasthan,2020-10-07,20760,204,17630,26.9124,75.7873
Jaipur,Rajasthan,2020-10-14,21283,213,18088,26.9124,75.7873
Jaipur,Rajasthan,2020-10-21,21392,213,18181,26.9124,75.7873
Jaipur,Rajasthan,2020-10-28,21936,219,18649,26.9124,75.7873
Jaipur,Rajasthan,2020-11-04,22499,225,19086,26.9124,75.7873
Jaipur,Rajasthan,2020-11-11,22935,233,19424,26.9124,75.7873
Jaipur,Rajasthan,2020-11-18,23649,236,20072,26.9124,75.7873
Jaipur,Rajasthan,2020-11-25,24233,246,20612,26.9124,75.7873
Jaipur,Rajasthan,2020-12-02,24930,255,21182,26.9124,75.7873
Jaipur,Rajasthan,2020-12-09,25352,262,21505,26.9124,75.7873
Jaipur,Rajasthan,2020-12-16,25680,266,21778,26.9124,75.7873
Jaipur,Rajasthan,2020-12-23,26308,272,22350,26.9124,75.7873
Jaipur,Rajasthan,2020-12-30,26956,284,22864,26.9124,75.7873
Jaipur,Rajasthan,2021-01-06,27049,285,22951,26.9124,75.7873
Jaipur,Rajasthan,2021-01-13,27653,290,23411,26.9124,75.7873
Jaipur,Rajasthan,2021-01-20,28286,296,24008,26.9124,75.7873
Jaipur,Rajasthan,2021-01-27,28584,298,24229,26.9124,75.7873
Jaipur,Rajasthan,2021-02-03,29470,308,24957,26.9124,75.7873
Jaipur,Rajasthan,2021-02-10,29759,310,25222,26.9124,75.7873
Jaipur,Rajasthan,2021-02-17,30451,318,25769,26.9124,75.7873
Jaipur,Rajasthan,2021-02-24,31093,321,26378,26.9124,75.7873
Jaipur,Rajasthan,2021-03-03,31382,324,26592,26.9124,75.7873
Jaipur,Rajasthan,2021-03-10,32026,336,27119,26.9124,75.7873
Jaipur,Rajasthan,2021-03-17,32206,338,27272,26.9124,75.7873
Jaipur,Rajasthan,2021-03-24,32371,339,27392,26.9124,75.7873
Jaipur,Rajasthan,2021-03-31,32781,347,27696,26.9124,75.7873
Jaipur,Rajasthan,2021-04-07,33187,352,28081,26.9124,75.7873
Jaipur,Rajasthan,2021-04-14,33417,355,28294,26.9124,75.7873
Jaipur,Rajasthan,2021-04-21,34027,359,28739,26.9124,75.7873
Jaipur,Rajasthan,2021-04-28,34985,369,29567,26.9124,75.7873
Jaipur,Rajasthan,2021-05-05,35437,376,29924,26.9124,75.7873
Jaipur,Rajasthan,2021-05-12,36095,387,30547,26.9124,75.7873
Jaipur,Rajasthan,2021-05-19,36254,388,30681,26.9124,75.7873
Jaipur,Rajasthan,2021-05-26,36546,391,30949,26.9124,75.7873
Jaipur,Rajasthan,2021-06-02,36849,396,31192,26.9124,75.7873
Jaipur,Rajasthan,2021-06-09,37180,399,31503,26.9124,75.7873
Jaipur,Rajasthan,2021-06-16,38065,406,32243,26.9124,75.7873
Jaipur,Rajasthan,2021-06-23,38545,413,32659,26.9124,75.7873
Jaipur,Rajasthan,2021-06-30,38741,416,32806,26.9124,75.7873
Jaipur,Rajasthan,2021-07-07,39360,419,33322,26.9124,75.7873
Jaipur,Rajasthan,2021-07-14,39997,426,33831,26.9124,75.7873
Jaipur,Rajasthan,2021-07-21,40396,431,34148,26.9124,75.7873
Jaipur,Rajasthan,2021-07-28,40973,440,34592,26.9124,75.7873
Jaipur,Rajasthan,2021-08-04,41129,442,34734,26.9124,75.7873
Jaipur,Rajasthan,2021-08-11,41674,445,35150,26.9124,75.7873
Jaipur,Rajasthan,2021-08-18,41974,450,35360,26.9124,75.7873
Jaipur,Rajasthan,2021-08-25,42397,458,35665,26.9124,75.7873
Jaipur,Rajasthan,2021-09-01,42823,462,36046,26.9124,75.7873
Jaipur,Rajasthan,2021-09-08,43538,470,36653,26.9124,75.7873
Jaipur,Rajasthan,2021-09-15,44133,478,37107,26.9124,75.7873
Jaipur,Rajasthan,2021-09-22,44798,485,37579,26.9124,75.7873
Jaipur,Rajasthan,2021-09-29,45227,489,37901,26.9124,75.7873
Jaipur,Rajasthan,2021-10-06,45582,492,38225,26.9124,75.7873
Jaipur,Rajasthan,2021-10-13,45780,494,38398,26.9124,75.7873
Jaipur,Rajasthan,2021-10-20,46077,497,38632,26.9124,75.7873
Jaipur,Rajasthan,2021-10-27,46565,501,39056,26.9124,75.7873
Jaipur,Rajasthan,2021-11-03,46887,503,39327,26.9124,75.7873
Jaipur,Rajasthan,2021-11-10,46919,503,39355,26.9124,75.7873
Jaipur,Rajasthan,2021-11-17,47525,513,39807,26.9124,75.7873
Jaipur,Rajasthan,2021-11-24,47786,516,40015,26.9124,75.7873
Jaipur,Rajasthan,2021-12-01,47960,517,40174,26.9124,75.7873
Jaipur,Rajasthan,2021-12-08,48240,518,40375,26.9124,75.7873
Jaipur,Rajasthan,2021-12-15,48760,520,40851,26.9124,75.7873
Jaipur,Rajasthan,2021-12-22,49534,526,41431,26.9124,75.7873
Jaipur,Rajasthan,2021-12-29,49752,530,41622,26.9124,75.7873
Lucknow,Uttar Pradesh,2020-01-01,748,10,603,26.8467,80.9462
Lucknow,Uttar Pradesh,2020-01-08,1164,18,983,26.8467,80.9462
Lucknow,Uttar Pradesh,2020-01-15,1234,19,1049,26.8467,80.9462
Lucknow,Uttar Pradesh,2020-01-22,1729,26,1501,26.8467,80.9462
Lucknow,Uttar Pradesh,2020-01-29,2468,36,2158,26.8467,80.9462
Lucknow,Uttar Pradesh,2020-02-05,2978,41,2639,26.8467,80.9462
Lucknow,Uttar Pradesh,2020-02-12,3397,43,2974,26.8467,80.9462
Lucknow,Uttar Pradesh,2020-02-19,3946,50,3435,26.8467,80.9462
Lucknow,Uttar Pradesh,2020-02-26,4125,51,3569,26.8467,80.9462
Lucknow,Uttar Pradesh,2020-03-04,4381,52,3759,26.8467,80.9462
Lucknow,Uttar Pradesh,2020-03-11,4785,56,4141,26.8467,80.9462
Lucknow,Uttar Pradesh,2020-03-18,4940,57,4258,26.8467,80.9462
Lucknow,Uttar Pradesh,2020-03-25,5234,60,4469,26.8467,80.9462
Lucknow,Uttar Pradesh,2020-04-01,5841,68,4992,26.8467,80.9462
Lucknow,Uttar Pradesh,2020-04-08,6601,77,5567,26.8467,80.9462
Lucknow,Uttar Pradesh,2020-04-15,7266,85,6049,26.8467,80.9462
Lucknow,Uttar Pradesh,2020-04-22,7869,93,6617,26.8467,80.9462
Lucknow,Uttar Pradesh,2020-04-29,8076,95,6784,26.8467,80.9462
Lucknow,Uttar Pradesh,2020-05-06,8739,99,7409,26.8467,80.9462
Lucknow,Uttar Pradesh,2020-05-13,9312,107,7861,26.8467,80.9462
Lucknow,Uttar Pradesh,2020-05-20,9770,110,8224,26.8467,80.9462
Lucknow,Uttar Pradesh,2020-05-27,10386,115,8725,26.8467,80.9462
Lucknow,Uttar Pradesh,2020-06-03,10892,122,9157,26.8467,80.9462
Lucknow,Uttar Pradesh,2020-06-10,11342,126,9509,26.8467,80.9462
Lucknow,Uttar Pradesh,2020-06-17,11393,126,9551,26.8467,80.9462
Lucknow,Uttar Pradesh,2020-06-24,12011,136,10098,26.8467,80.9462
Lucknow,Uttar Pradesh,2020-07-01,13053,146,11035,26.8467,80.9462
Lucknow,Uttar Pradesh,2020-07-08,13605,154,11532,26.8467,80.9462
Lucknow,Uttar Pradesh,2020-07-15,14189,165,12042,26.8467,80.9462
Lucknow,Uttar Pradesh,2020-07-22,14620,172,12387,26.8467,80.9462
Lucknow,Uttar Pradesh,2020-07-29,15302,177,13026,26.8467,80.9462
Lucknow,Uttar Pradesh,2020-08-05,15607,181,13296,26.8467,80.9462
Lucknow,Uttar Pradesh,2020-08-12,16177,185,13762,26.8467,80.9462
Lucknow,Uttar Pradesh,2020-08-19,16910,191,14275,26.8467,80.9462
Lucknow,Uttar Pradesh,2020-08-26,17539,200,14777,26.8467,80.9462
Lucknow,Uttar Pradesh,2020-09-02,17766,201,14974,26.8467,80.9462
Lucknow,Uttar Pradesh,2020-09-09,18244,209,15337,26.8467,80.9462
Lucknow,Uttar Pradesh,2020-09-16,18700,216,15751,26.8467,80.9462
Lucknow,Uttar Pradesh,2020-09-23,19567,232,16459,26.8467,80.9462
Lucknow,Uttar Pradesh,2020-09-30,19811,235,16654,26.8467,80.9462
Lucknow,Uttar Pradesh,2020-10-07,20439,240,17210,26.8467,80.9462
Lucknow,Uttar Pradesh,2020-10-14,21201,254,17826,26.8467,80.9462
Lucknow,Uttar Pradesh,2020-10-21,21688,260,18283,26.8467,80.9462
Lucknow,Uttar Pradesh,2020-10-28,22023,266,18553,26.8467,80.9462
Lucknow,Uttar Pradesh,2020-11-04,22758,276,19156,26.8467,80.9462
Lucknow,Uttar Pradesh,2020-11-11,23426,280,19734,26.8467,80.9462
Lucknow,Uttar Pradesh,2020-11-18,23426,280,19734,26.8467,80.9462
Lucknow,Uttar Pradesh,2020-11-25,23841,282,20104,26.8467,80.9462
Lucknow,Uttar Pradesh,2020-12-02,24507,294,20720,26.8467,80.9462
Lucknow,Uttar Pradesh,2020-12-09,25036,299,21210,26.8467,80.9462
Lucknow,Uttar Pradesh,2020-12-16,25477,303,21587,26.8467,80.9462
Lucknow,Uttar Pradesh,2020-12-23,26099,306,22157,26.8467,80.9462
Lucknow,Uttar Pradesh,2020-12-30,26707,316,22707,26.8467,80.9462
Lucknow,Uttar Pradesh,2021-01-06,26729,316,22725,26.8467,80.9462
Lucknow,Uttar Pradesh,2021-01-13,27568,325,23463,26.8467,80.9462
Lucknow,Uttar Pradesh,2021-01-20,27744,327,23627,26.8467,80.9462
Lucknow,Uttar Pradesh,2021-01-27,28193,331,24034,26.8467,80.9462
Lucknow,Uttar Pradesh,2021-02-03,28945,338,24693,26.8467,80.9462
Lucknow,Uttar Pradesh,2021-02-10,29618,345,25226,26.8467,80.9462
Lucknow,Uttar Pradesh,2021-02-17,30119,351,25697,26.8467,80.9462
Lucknow,Uttar Pradesh,2021-02-24,30201,352,25772,26.8467,80.9462
Lucknow,Uttar Pradesh,2021-03-03,30817,357,26266,26.8467,80.9462
Lucknow,Uttar Pradesh,2021-03-10,31096,361,26465,26.8467,80.9462
Lucknow,Uttar Pradesh,2021-03-17,31766,365,27057,26.8467,80.9462
Lucknow,Uttar Pradesh,2021-03-24,32222,367,27454,26.8467,80.9462
Lucknow,Uttar Pradesh,2021-03-31,32513,372,27686,26.8467,80.9462
Lucknow,Uttar Pradesh,2021-04-07,32868,377,27978,26.8467,80.9462
Lucknow,Uttar Pradesh,2021-04-14,33275,381,28345,26.8467,80.9462
Lucknow,Uttar Pradesh,2021-04-21,33549,383,28578,26.8467,80.9462
Lucknow,Uttar Pradesh,2021-04-28,34577,393,29400,26.8467,80.9462
Lucknow,Uttar Pradesh,2021-05-05,35419,403,30198,26.8467,80.9462
Lucknow,Uttar Pradesh,2021-05-12,35823,405,30519,26.8467,80.9462
Lucknow,Uttar Pradesh,2021-05-19,36327,414,30922,26.8467,80.9462
Lucknow,Uttar Pradesh,2021-05-26,37168,428,31555,26.8467,80.9462
Lucknow,Uttar Pradesh,2021-06-02,37884,437,32060,26.8467,80.9462
Lucknow,Uttar Pradesh,2021-06-09,37963,438,32115,26.8467,80.9462
Lucknow,Uttar Pradesh,2021-06-16,38523,441,32507,26.8467,80.9462
Lucknow,Uttar Pradesh,2021-06-23,38977,449,32839,26.8467,80.9462
Lucknow,Uttar Pradesh,2021-06-30,39679,456,33491,26.8467,80.9462
Lucknow,Uttar Pradesh,2021-07-07,40330,465,34022,26.8467,80.9462
Lucknow,Uttar Pradesh,2021-07-14,41305,482,34892,26.8467,80.9462
Lucknow,Uttar Pradesh,2021-07-21,41503,484,35064,26.8467,80.9462
Lucknow,Uttar Pradesh,2021-07-28,41836,489,35319,26.8467,80.9462
Lucknow,Uttar Pradesh,2021-08-04,42253,491,35700,26.8467,80.9462
Lucknow,Uttar Pradesh,2021-08-11,42951,497,36340,26.8467,80.9462
Lucknow,Uttar Pradesh,2021-08-18,43517,504,36826,26.8467,80.9462
Lucknow,Uttar Pradesh,2021-08-25,43721,505,37012,26.8467,80.9462
Lucknow,Uttar Pradesh,2021-09-01,44073,511,37298,26.8467,80.9462
Lucknow,Uttar Pradesh,2021-09-08,44343,516,37524,26.8467,80.9462
Lucknow,Uttar Pradesh,2021-09-15,45003,526,38009,26.8467,80.9462
Lucknow,Uttar Pradesh,2021-09-22,45628,536,38597,26.8467,80.9462
Lucknow,Uttar Pradesh,2021-09-29,46184,540,39099,26.8467,80.9462
Lucknow,Uttar Pradesh,2021-10-06,46517,543,39401,26.8467,80.9462
Lucknow,Uttar Pradesh,2021-10-13,47470,559,40234,26.8467,80.9462
Lucknow,Uttar Pradesh,2021-10-20,48198,572,40766,26.8467,80.9462
Lucknow,Uttar Pradesh,2021-10-27,48543,577,41028,26.8467,80.9462
Lucknow,Uttar Pradesh,2021-11-03,48948,581,41365,26.8467,80.9462
Lucknow,Uttar Pradesh,2021-11-10,49321,585,41685,26.8467,80.9462
Lucknow,Uttar Pradesh,2021-11-17,49539,587,41873,26.8467,80.9462
Lucknow,Uttar Pradesh,2021-11-24,50321,593,42563,26.8467,80.9462
Lucknow,Uttar Pradesh,2021-12-01,50544,596,42760,26.8467,80.9462
Lucknow,Uttar Pradesh,2021-12-08,50792,597,42956,26.8467,80.9462
Lucknow,Uttar Pradesh,2021-12-15,51472,601,43509,26.8467,80.9462
Lucknow,Uttar Pradesh,2021-12-22,52260,613,44081,26.8467,80.9462
Lucknow,Uttar Pradesh,2021-12-29,52418,614,44193,26.8467,80.9462
